ISBN,Name,Price
9780883782781,1996,12.95
9781544855905,$5 A Day Stock Market Investing Plan,10.00
9780307908711,100 Amazing Facts,40.00
9781503354111,100 Amazing Facts About The Negro,10.00
9780960229475,100 Amazing Facts About The Negro (Yellow Cover),12.00
9781492245025,100 Great African Kings And Queens,23.00
9780933121188,100 Years Of Lynchings,14.95
9780385485760,1001 Things Everyone Should Know,17.99
9780939680887,12th Planet,24.00
9781496416575,13 Days In Ferguson,25.99
9780615189307,13th Amendment Freedom Week Manual,29.95
9781595863348,2018-2019 Planner,5.00
9781684383146,2020  Calendar Ernie Barnes,15.00
9781684383108,2020 Calendar Annie Lee,15.00
9781368019439,20th Anniversary Skin I'm In,9.99
9780380015818,3 Negro Classics,7.99
9780143112785,33 Strategies Of War,25.00
9780966397253,365 Black,14.95
9781884564482,42 Precepts Of Maat And Foundation In The Philosophy...,18.95
9780140280197,48 Laws Of Power,25.00
9780989573290,50 Magnificent Men,20.00
9780970971562,500 Questions And Answers On The Black Presence In The Bible,13.95
9780061774607,50th Law,22.99
9781574780451,A Book Of The Beginnings,59.95
9781881316831,A Book Of The Beginnings Vol 1,49.95
9780486425597,A Century Of Negro Migration,10.95
9780486831084,A Course In Miracles,21.95
9781439165324,A Deeper Inside,16.00
9780486425238,A Dictionary Of Symbols,21.95
9781609806934,A Is for Activist,17.95
9781609805395,A Is For Activist,11.99
9780140562224,A Is For Africa,6.99
9781732161702,"A Is For Afrika, S Is Sovereignty",14.95
9780960000524,A Is For Ancestors Coloring Book,14.95
9780960000500,A Is For Ancestors Hardback,24.95
9780060932336,A Is For Attitude,12.95
9780385471077,A Last Of Power,17.95
9780140564426,A Letter To Amy,7.99
9780312319670,A Life Of A Lawyer,23.99
9780307276766,A Mercy,15.95
9781880463949,A Middle School Plan For Students With College Bound Dreams,19.95
9781880463673,A Model School Plan,15.95
9781476765990,A Moment Of Silence,18.00
9780815411253,A Negro Explorer At The North Pole,15.95
9781574780376,A Panther Is A Black  Cat,16.95
9780062397348,A Peoples History Of The United states,19.99
9780823411771,A Picture Book Of Rosa Parks,7.99
9781697698886,A Quick Guide To Substitute Teaching,7.99
9781981658169,A Rising Tide Of Color...,10.00
5781513831514,A Rose For Zemira,10.00
9781524742843,A Song For You,28.00
9780689712012,"A Story, A Story",7.99
9781935721109,A Taste Of Life,19.95
9780615754000,A Walk Down Historic Jefferson St,22.95
9781424340187,A Walk With A Wise Man,9.95
9780671664909,A Weed Is A Flower,7.99
7785717837509,Abc Of What Is Kwanzaa,6.95
9780982650837,ABC... Learn With Me,9.95
9781555237523,ABCs Of Kwanzaa Activities,9.95
9781492656289,ABC's Of Mathematics,9.99
9781294656241,ABCs Of Physics,9.99
9781492656241,ABC's Of Physics,9.99
9781492656319,ABC's Of Science,9.99
9781555237509,ABC's Of What Is Kawanzaa,6.95
9780913543153,Abdul And The Designer Tennis Shoes,6.95
9780689718106,Abiyoyo,7.99
9780689870545,Abiyoyo Returns,8.99
9780892814213,Aboriginal Men Of High Degree,14.95
9780977124268,Acapella Revolution,20.00
9781594771545,Acid Alkaline,12.95
9781982106843,Acts Of Faith,15.99
9781419721373,ADA Twist Scientist,17.95
9780913543436,Adam,14.95
9780996523394,Adinkra Alphabet,24.99
9780966153200,Adinkra Dictionary,25.00
9780486296043,Afrcan- American Poetry,3.00
9780801031199,Africa And The Bible,22.00
9781932583267,Africa And The Challenge Of Western Technology,20.00
9781617590023,Africa And The Discovery Of America,15.95
9781592211333,Africa And The World Trading Center,29.95
9780064432771,Africa Dream,6.99
1700767139782,Africa Fandex,9.95
9780761139782,Africa Flashcards,9.95
9780962891199,Africa Is Not A Country,19.95
8784862891199,Africa Is Not Country,19.95
9780933121256,Africa Mother Of Western Civilization,39.95
9780924944086,Africa On My Mind,11.99
9780578003665,Africa Strictly Business,19.95
9781935721666,African Abroad Vol 1,29.95
9781935721697,African Abroad Vol 2,29.95
9780805060454,African American,9.95
9780786414673,African American Concert Singers Before 1950,14.95
9780745322223,African American Experience In Cyberspace,25.00
9780813136622,African American Fraternities,42.08
9781556526534,African American History,16.95
9781483681702,African American Quiz Bowl,15.99
9781588345707,African American Souvenir Book,9.95
9781580730396,African American Studies,34.95
9781574781328,African Background Outlined,34.95
9781439254349,African Belief In A Philosophical Reappraisal,9.99
9780757307799,African Book Of Names,14.92
9780806521893,African Civilizations,14.95
9781580730242,African Contribution To Civilization,8.95
9781890157289,African Cosmology Of The Bantu-Kongo,19.95
9780738758589,African Cowrie Shells Divination,19.99
9781884564475,African Dionysus,22.95
9780486405537,African Folk Tales,3.00
5780947469096,African Fundamentalism,19.95
9780933121034,African Glory,16.95
9781574781281,African Heros And Heroines,16.95
9781934389188,African History For Beginners,14.95
9781617590313,African Holistic Health,19.95
9780997658828,African Holistic Health,48.95
9781566394031,African Intellectual Heritage,45.00
9780875186580,African Kingdoms Of The Past,12.95
9780933121430,African Life & Customs,8.95
9781548073985,African Medicine,26.00
9780557445431,African Origin Founded In Religion,15.00
9781602810969,African Origin Of Biological Psychiatry,19.95
9781556520723,African Origin Of Civilization,16.95
9781419613050,African Origin Of Greek Philosophy,24.95
9781884564550,African Origins 2495,0.00
9781420824476,African Origins Of Freemasonry,22.95
9781884564604,African Origins Of Hatha Yoga,19.95
9780933121294,African Origins Of The Major Western Religions,29.95
9780907015758,African Origins Of The Major World Religions,19.95
9781884564567,African Origins Of Western Civilization,24.95
9780933121775,African People In World History,8.95
9780865432932,African Psychology In Historical Perspective & Related Commentary,21.95
9780982532706,African Pyramids Of Knowledge,34.95
9780956638090,African Star Over Asia...,44.95
9780989114516,African Time [Universe To 1896AD*],44.95
4784897860799,African Traditional Religions In Contemporary Society,14.95
9781602810037,African Woman the Original Guardian Angel,14.95
9781684549894,African-Centered Critical Thinking,60.00
9781554512768,Africans Thought Of It,11.95
9780819575166,Africa's Gift To America,24.95
9781879164093,Afrikan Centered Consciousness Versus The New World Order,15.00
9781602810044,Afrikan Genesis,17.95
9781602810013,Afrikan People,14.95
9781602810006,Afrikan People And Europeon Holidays,12.95
9780940975781,Afro Bets ABC,0.00
9780940975880,Afro Bets ABC Book,5.95
9780940975576,Afro Bets Colors,5.95
9780940975583,Afro Bets Shapes,5.95
9780933121485,Afro-American Astronomer,7.95
9780439429160,Afro-Bets 123,3.99
9780913543795,Afrocentricity,14.95
9781555231958,Afrotina And The Three Bears,6.95
9781607745310,Afro-Vegan,27.50
9780517882122,"Ageless Body, Timeless Mind",16.00
9780738220208,Ageless Vegan,24.99
9780935257090,Akbar Papers,14.99
9780933821057,Al-Islam Christianity & Freemasonry,12.00
9781535431668,Alkaline Herbal Medicine,17.95
9781978141933,Alkaline Plant Based Diet,15.95
9780060959470,All About Love,15.99
9780971039742,All Access,17.00
9781481463348,All American Boys,11.99
9781481463331,All American Boys,18.99
9780689867866,"All Night, All Day",7.99
9780359500017,"Allah, The Quran, Venus And You",25.00
9780615399720,Allahs Propohets,15.00
9781483672786,Alphabet Jambalaya,21.99
3700540556674,Amazing Grace,17.99
9780803710405,Amazing Year,17.96
9780674018211,American Apartheid,37.00
9781250209764,American Dirt,27.99
9780307956026,American Grown,30.00
9780717806058,American Negro Slave Revolts,14.00
9780486402710,American Negro Songs,10.95
9780062473042,American Street,17.99
9781558490192,American Studies In Black And White,10.00
9780140341584,Amos Fortune,6.99
8788186235738,Amulets And Superstitions,29.95
9780717803910,An ABC Of Color,10.00
9781616208776,An American Marriage,26.95
9780486236155,An Egyptian Hieroglyphic Dictionary,25.00
9780578161273,An Overall Perspective Of The South,25.00
9780465070534,An Unbroken Agony,16.95
9781617590634,Anacalypsis,49.95
9781617590610,Anacalypsis Set,50.00
9780977124237,Analytixz,19.95
9780823407989,Anansi,7.99
9780805003116,Anansi,5.00
9780615648637,Ancestor Paths,21.95
9781930097872,Ancient And Modern Britons V 1,24.95
9781930097780,Ancient And Modern Britons Vol.2,24.95
9780933121317,Ancient Egypt The Light Of The World,59.95
9781884564130,Ancient Egyptian Economics,15.00
9781574780017,Ancient Future,18.95
9781602811164,Ancient Mysteries Of Melchizedek,17.95
9781891824173,Ancient Secret Of The Flower Of Life,25.00
9780062427007,And Still I Rise,35.00
8782666753200,Andinkra Dictionary,25.00
9781490423302,Angel Wishes Healing Presents A Handbook To Spiritual Healing,15.00
9780717806676,Angela Davis,16.95
9781849351744,Angels With Dirty Faces,16.00
9781617590405,Ankh,10.95
9780871407535,Annotated African American Folktales,39.95
9780679744719,Another Country,15.95
9781164080510,Apocrypha And Pseudepigrapha....,39.96
9780615332895,Apollo,19.95
9781600940491,Appetite For Reduction,19.95
9781886433168,Aquarian Gospel Of Jesus The Christ,16.95
9781881316060,Arab Invasion Of Egypt,16.95
9780991073016,Architects Of Existence,42.99
9780982775004,Are We Better Off?,19.95
9781501126000,Around The Way Girl,16.00
9780998949178,Art Of Research,69.95
9780399527258,Art Of Shen Ku,25.00
9780981224404,Art Of War,8.00
9780877734529,Art Of War (Cleary),12.95
9780385518437,Art Of War For Women,15.00
9781684124299,Art Of War Graphic Novel,19.99
9780394402840,Arthur Koestler The Thirteenth Tribe,18.95
9781930097001,As A Man Thinketh,6.95
9781585425648,As A Man Thinketh,9.00
9781640320130,As A Man Thinketh (Thinker Cover),9.00
9781930097148,As A Woman Thinketh,6.95
9781481415903,As Brave As You,16.99
9780140546040,Ashanti To Zulu,7.99
9780873486323,Assassination Of Malcolm X,17.00
9781628323436,Assassination Of Martin Luther King Jr.,12.00
9781556520747,Assata,18.95
9780993503658,Assata Garvey And Me,22.95
9781571540065,Astr 4,14.95
9781567187960,Astral Travel For Beginners,14.99
9781571540096,Astro 2,14.95
9781571540041,Astro 3,14.95
9781571540102,Astrological Foundation Of The Christ Myth,9.95
9780393609394,Astrophysics For People In A Hurry,18.95
9781402213595,Astrotwins' Love Zodiac,21.00
9780615877716,Athletic Racism And Brown Vs. Board Of Education,24.95
9780345376718,Auto Of Malcolm X,16.00
9780446676502,"Autobiography Of Martin Luther King, Jr.",16.00
9781879164017,Awakening The Natural Genius Of Black Children,15.00
9781387654116,Awakening Vol. 1,13.00
9780738739618,Babalawo,17.99
9781617590139,Baby Names,12.95
9780840701770,Babys First Bible,15.00
9781641111973,Back Streets,10.00
9780940985100,Back To Eden,10.95
9780940985094,Back To Eden,18.95
9780029166765,Bad Blood,17.95
9780822567646,Bad News For Outlaws,17.95
9780989114530,Bak2,49.95
9781883011529,Baldwin Collected Essays,35.00
9780385755153,Ballerina,3.99
9781455596300,Ballerina Body,30.00
9780786849550,Bang,9.99
9781442440920,Barack Obama,9.99
9780486473208,Barack Obama Coloring Book,3.99
9780997754308,Barack Obama Quotation,14.95
9781416971443,"Barack Obama Son Of Promise, Child Of Hope",16.99
9781934389447,Barak Obama:for Beginners,15.99
9780062748201,Barracoon,24.99
9780738506265,BAS Nashville Tennessee,21.99
9780689841156,Bat Boy & His Violin,7.99
9780689842337,Battle Of Jericho,7.99
9781419707926,Beautiful Moon,16.95
9781555233792,Beauty And The Beast,7.95
9781524763138,Becoming,32.50
9780525633679,Becoming (Audio Book),45.00
9780994753809,Bee Leaf,17.00
9781250294180,Before Betty X,7.99
9781684220403,Before The Mayflower,24.95
9781684115358,Before The Mayflower Hardbook,20.00
6781718517199,Before The Mayflower HB,54.95
9781258521387,Before The Mayflower Lerone Bennett Jr.,28.00
9781423103844,Begging For Change,7.99
9780929385228,Behold A Pale Horse,25.00
9781484788400,Bell Boy Buzz,7.99
9781400033416,Beloved,16.00
9780062123763,Better Tgan Good Hair,14.99
9780374306106,Betty Before X,16.99
9780813024578,Between Cross And Crescent,34.95
9781584271048,Between The Sheets,19.99
9781631825682,Beware Its Coming The Antichrist 666,24.95
9791574780177,Beyond The Frontier,24.95
9781455525867,Beyond The Ice Limit,27.00
9781569756904,Beyond The Master Cleanse,14.95
9781555235512,Bible Legacy Of The Black Race,12.95
9780948390678,Bible Of Bibles,18.95
9781492222316,Biblr Myths And Their Parallels In Other Religions,21.50
9780061726453,Bicycles Love Poems By Nikki Giovanni,16.99
9781947490048,Big Hair Christine Goes To School,13.99
9781571540072,Biggest Lie Ever Told,9.95
9780316033824,Bippity Bop Barbershop,8.99
9781501156588,Birth Of A Nation,24.00
9781624146909,Birth Of Cool,17.99
9780822348030,Black & Blackness In Central America,26.95
9781556520617,Black Africa,16.95
9780974263281,Black American Money,26.00
9780913543528,Black Americans In Science,12.95
9781633882577,Black And Blue,24.00
9781476704203,Black And White,25.00
9780982161890,Black Arabia & The African Origin Of Islam,20.00
9780813512778,Black Athena,35.00
9780865431577,Black Awakening,19.95
9781329003880,Black Bible Of Science (Compilation),20.00
9780970971500,Black Biblical Heritage,27.95
9780932863034,Black Book The True Political Philosophy Of Malcolm X,14.95
9780684832418,Black Bourgeoisie,16.95
9780061130243,Black Boy,15.99
9780635015822,Black Business,6.00
9781401929541,Black Business Secrets,15.95
9780578138756,Black Child Journal,25.00
9780975321003,Black Chronicles,20.00
9780590682138,Black Diamond,6.99
9780913543825,Black Economics,16.95
9780986563805,Black Empowerment & Minority Issues,20.00
9780199989317,Black Ethnics,35.00
9780883780770,Black Fairy And Other Plays,13.95
9781574781182,Black Fire,5.95
9781578593699,Black Firsts,34.95
9780062437594,Black Fortunes,26.99
9780062437600,Black Fortunes PB,17.99
9781620554876,Black Freemasonry,29.95
9780933121539,Black Genealogy,14.95
9781591431145,Black Genesis,20.00
9781491784433,Black Girls Can Grow Naturally Long Hair,10.95
9781935721123,Black God,19.95
1316436788627,Black Gods: Orisa Studies In The New World,13.00
9780978786236,Black Gold,19.95
9780872865327,Black History,19.95
9781796491579,Black History Didn't Start With Slavery (Lg)@<<,9.95
9781790579792,Black History Didn't Start With Slavery (Sm),7.95
9781934389195,Black History For Beginners,16.99
9780972583466,Black History In A Nutshell,19.96
9780966170276,Black History Reader,29.95
9780863161780,Black Holocaust For Beginners,11.95
9781770413634,Black Ice,16.95
9781595550392,Black In The White House,10.00
9781442446373,Black Indians,12.99
9781501154294,Black Ink,16.00
9780979957307,Black Inventors,15.00
9780966170214,Black Labor White Wealth,21.95
9781500709129,Black Legacy,25.95
9780692332856,Black Legacy Learning Series,18.95
9781608465620,Black Liberation,17.95
9781727899139,Black Lives Don't Matter,20.00
9780982206119,Black Love Is A Revolutionary Act,19.95
9780684847832,Black Love Signs,15.99
9780933121263,Black Man Of The Nile,29.95
9781943820009,Black Mans Bible,30.00
9781503119680,Black Man's Guide Out Of Poverty,14.95
9780692465431,Black Matters,20.00
9780692857175,Black Matters Volume 2,22.95
9780883781357,Black Men,15.95
9780865430785,Black Messiah,29.95
9781790842629,Black Millionaires Of Tomorrow Money MS,35.00
9781725889125,Black Millionaires...Money G1-3,35.00
9780912444123,Black Mother Goose,7.95
9781879164000,Black On Black Violence,19.00
9781524763886,Black Panther,4.99
9781368020145,Black Panther,5.99
9781302908324,Black Panther & The Crew,17.99
9781302906498,Black Panther 4:  Avengers Of The World Part One,16.99
9781302904159,Black Panther A Nation Under Our Feet,34.99
9781302900533,Black Panther A Nation Under Our Feet,16.99
9781302900540,Black Panther A Nation Under Our Feet Bk. 2,15.99
9781302910341,Black Panther Adventures,9.99
9781302909888,Black Panther ANW Part 2,19.99
9780785192671,Black Panther Complete Collection Vol.1,34.99
9780316413817,Black Panther On The Prowl,5.99
9781484787649,Black Panther The Young People,16.99
9781368008532,Black Panther This Is Black Panther (Youth),4.99
9781465466266,Black Panther Ultimate Guide,24.99
9781302906504,Black Panther World Wakanda,17.99
9781302901912,Black Panther: A Nation Under Our Feet Book Three,16.99
9781939994394,Black Panthers,15.95
9780933121973,Black Panthet Partyy,22.95
9780152085667,Black Pioneers Of Science And Invention,8.99
9781881089605,Black Politics White Power,34.95
9780679743132,Black Power,16.95
9781620971482,Black Power 50,24.95
9781574780406,Black Power And The Garvey Movement,16.95
9780933176249,Black Presence In The Bible,14.95
9781501145308,Black Privilege,25.99
9781501145315,Black Privilege Paperback,16.00
9780465007011,Black Rage,24.95
9780684856575,Black Reconstruction In America,22.00
9780883781302,Black Saxons,12.95
8785803289976,Black Scientist & Inventors Book 6,14.95
9781903289006,Black Scientists & Inventors,14.99
9781903289976,Black Scientists & Inventors Book 6,14.95
9781903289877,Black Scientists & Inventors Book 7,14.95
9781903289020,Black Scientists And Inventors Book 2,14.99
9897011227288,Black Scientists And Inventors Book 6,14.99
9780802143006,Black Skin White Masks,16.00
9780880530613,Black Square & Compass,36.00
9780956638021,Black Star The African Presence In Early Europe,23.95
9781884855771,Black Stone,18.95
9780913543818,Black Students Middle Class Teachers,15.95
9780684812090,Black Sun Signs,15.99
9781570751578,Black Theology,24.00
9781570758959,Black Theology Of Liberation,20.00
9780345453488,Black Titan,16.00
9781635870060,Black Woman's Worth,15.00
9781934389201,Black Women For Beginners,14.95
9781903289983,Black Women Scientists & Inventors,15.99
9781624143151,"Black, Pregnant, And Loving It",22.99
9780953318216,Blackamoores,35.00
9780963602503,Blackmans Stolen Birthright,12.95
9781505228632,Blackroots Science,30.00
9781903289952,Blacks In Mathematics & Science Workbook 1,14.95
9781250186324,Blast The Sugar,15.99
9781945769160,Blazing Star,14.95
9780692448083,Blk Legacy Learning Series: Seek And Learn,14.95
9780785198116,Blk Pant Complete Collection Vol. 2,34.99
9781302900588,Blk Pant Complete Collection Vol. 4,34.99
9780785195085,Blk Pant Complete Collection Vol.3,34.99
9781583226988,Blood Child,14.00
9780933121232,Blood In My Eye,14.95
9780375423222,Blood In The Water,35.00
9781476714844,Blood Of Emmett Till,27.00
9780972792929,Bloodlines Of The Illuminati,60.00
9780345311979,Bloods,8.99
9780990319146,Blue Hand Mojo,19.99
9781162577180,Blue Lodge Enlightment: A Ritual Of The Three Masonic Degrees,20.00
9780803737006,Blue Sky White Stars,17.99
9781879164062,Blueprint For Black Power,46.00
9780679761785,Blues For Mister Charlie,12.95
9780307278449,Bluest Eye,14.95
9781790843961,BMT Investing High School,35.00
9781727042900,BMT Investing Middle School,35.00
9781790362622,BMT Money High School,35.00
9781727043037,BMT Stocks By Middle School,35.00
9780859652223,Bob Marley,19.95
9780940975026,Book Of Black Heroes,12.95
9780940975262,Book Of Black Heroes Great Women In Struggle,12.95
9781933491219,Book Of Black Heroes Political Leaders,12.95
9780943412146,Book Of Coming Forth By Day,14.95
8786248390852,Book Of Eden,16.00
9780486454665,Book Of Enoch,8.95
9781298490391,Book Of Enoch HB,28.95
9781482387056,Book Of Enoch PB (RH Charles),8.95
9780062203571,Book Of Forgiving,15.99
9780062203564,Book Of Forgiving,25.99
9781555179199,Book Of Jasher,15.99
9781149299098,Book Of Jubilees Or The Little Genesis,33.75
9781930097742,Book Of Moses,12.95
9781162971650,Book Of The Opening Of The Mouth,48.00
9780982161876,Book Og God,28.00
9781617590597,Book Your Church....2,19.95
9780544570986,Booked,16.99
9781595868794,Bookmark,5.00
9781570627484,Books Of Five Rings,14.95
9781644674727,Born 2 Be,15.00
9780399588198,Born A Crime PB,18.00
9780399588174,Born Crime: Stories From A South African Childhood HB,28.00
9780679889366,Borreguita And The Coyote,7.99
9781250128393,Boss Bride,25.99
9780140556674,Boundless Grace,7.99
9781442459502,Boy In The Black Suit,18.99
9781645500001,"Boy, You Are Brilliant",12.99
3073565001321,Braggs Apple Cider Vinegar 32 Oz,12.00
9781401925925,Brainwashed,15.95
9781560258551,Breaking Rank,18.95
9780935257052,Breaking The Chains Of Psychological Slavery,12.00
9780972035217,Breaking The Curse Of Willie Lynch,9.95
9781626769106,Brick By Brick,8.99
9780940975231,Bright Eyes Brown Skin,8.95
9781933491516,"Bright Eyes, Brown Skin",7.95
9780966397277,Bringing The Light Into A New Day,15.00
9780140546163,Bringing The Rain To,7.99
9789766403492,Britains Black Debt,24.95
9780142300169,Brothers Of The Knight,7.99
9780147515827,Brown Girl Dreaming,10.99
9780553494105,"Bud, Not Buddy",7.99
9780375726002,Buddhist Wisdom,14.00
9780806138404,Buffalo Soldiers,20.00
9780061774010,Burn This Book,12.99
9781505385793,Burning Sands,15.00
9781556529986,By Any Greens Necessary,14.95
9780873487542,By Any Means Necessary,16.00
9781519635501,Calculus And Crack,15.00
9780446678094,Call To Conscience,16.00
9780829817430,Can A Sister Get A Little Help,18.00
9781944781576,Candy Judge,12.00
9781544512273,Can't Hurt Me,25.00
9780807009819,Case For Black Reparations,30.00
9781426328497,Celebrate Kwanza,7.99
9781626177888,Celebrating Holidays Juneteenth,26.00
9780978553159,Centered,16.95
9781402752247,Chakra Bible,14.95
9780875427218,Chakra Therapy,14.99
9780307390288,Challenge For Africa,17.00
9781934155820,Changing School Culture For Black Males,17.95
9780374509804,Character Analysis,24.00
4372642642846,Charcoal Herbal Facial Scrub,12.00
9781945318054,Chef Diamond And The Magic Hat,12.00
9781945318047,Chef Diamond Goes Grocery Shopping Coloring Book,15.00
9781620552254,Chi Kung For Women's Health And Sexual Vitality,16.95
9780385376068,Child Of The Civil Rights Movement,7.99
9780449004395,Children,20.00
9781250170972,Children Of Blood And Bone,18.99
9780785258339,Children Of Color,21.95
9780984648061,Children Of Color Storybook Bible (Prince),19.99
9780984648009,Children Of Color Storybook Bible (Princess),19.99
9781931882279,Children Of The Sun,18.95
9781250170996,Children Of Virtue,19.99
9780307946652,Chinas Second Continent,16.95
9781250207852,Chocolate Me,7.99
9781250068019,Chocolate Me,7.99
9780312603267,Chocolate Me Hardback,17.99
9780553245769,Choice,7.99
9781502438720,Choose You,15.00
9780883781746,Chosen People From The Caucasus,19.95
9780932813749,Christ Conspiracy,19.95
9780963859730,Christianity And Islam,7.95
9780910309202,Christianity Before Christ,14.95
9780933121416,Christianity Islam,18.95
9781947490000,Christine's Big Hair Adventures Christine Goes To Grandma's,13.99
9781617590306,Christopher Columbus And The Afrikan Holocaust,10.95
9781617590986,Circle Of Edens,19.95
9781878424648,Circle Of Fire,11.95
9781512098662,Circles Of Wellness,23.00
9781602810341,City Of Wellness,28.00
9781934389898,Civil Rights For Beginners,15.95
9781556523557,Civil War For Kids,14.95
9781556520488,Civilization Or Barbarism,19.95
5781598520488,Civilization Or Barbarism,19.95
9781646066445,Clashing Tides Of Color,18.00
9781454919582,Clearing Spaces,14.95
9781416616283,Closing The Attitude Gap,23.95
9780393314861,Coal,14.99
9781583335444,Coconut Oil Miracle,18.00
9781416521693,Coldest Winter Ever,7.99
9781880463680,College Planning,5.95
9781631492853,Color Of Law,27.95
9781631494536,Color Of Law PB,17.95
9780996978200,Coloring And Activity,12.50
9781682967829,Coloring Book Of Black Composers,18.95
9780983269519,Coloring Girls Who Have Considered...,14.95
9780910030151,Colors Around Me,7.95
9781556520044,Coltrane On Coltrane,18.95
9781617590061,Columbus Conspiracy,14.95
9780802851345,Come Sunday,9.00
9780698116122,Coming Home,6.99
9780913543283,Coming Of Age,9.95
9781502740335,Commonomics 11,22.00
9780310489818,Compact Bible Dictionary,14.99
9780813330853,Complete Art Of War,36.95
9780738739625,Complete Book Of Chakras,39.99
9781401907273,Complete Book Of Numerology,17.99
9780996515603,Complete Dictionary Of The Supreme Wisdom Lessons,20.00
9780500051207,Complete Gods And Goddesses,39.95
9781634508438,Complete Medicinal Herbal,19.99
9780531218624,Computers,15.00
9780933121423,Condition Elevation Emigration,11.95
9780997886900,Confessions Of A Sage Woman,19.95
9780452287082,Confessions Of An Economic Hitman,17.00
9781935754039,Congo Square,20.00
9780531126288,Congress,15.00
9781622034888,Conscious Wedding Handbook,19.95
9780913543726,Conspiracy To Destroy Black Women,16.95
9780531126295,Constitution Of The United States,15.00
9780997658811,"Controlling, Understanding, And Raising Black Children",38.95
9780883782774,Convenant,12.00
9781592405787,Conversation,16.00
9780316532860,Conversations In Black,28.00
9780062379290,Cooking Gene,28.99
9781416953487,Copper Sun,9.99
9780670013111,Corduroy,11.99
9780061253669,Coretta Scott,6.99
9781545317099,Cosmic Consciousness Study In The Evolution Of Humankind,10.00
9781882692101,Cosmic Currency,20.00
9780913543962,Countering The Conspiracy To Destroy Black Boys,18.95
9780679744221,Country With No Name,19.00
9780763665487,Courage,17.99
9780819228857,Crazy Christians A Call To Follow Jessus,18.00
9781946111265,Crazy Cool Cousin Adventures,10.00
9781080775422,Creator's Work,10.00
9780912986456,Creature From Jekyll Island,26.95
9781541257115,Credit Is King,23.00
9780595243266,Crisis Of The African American Architect: Confliucting Cultures Of Architecture And Black Power,24.95
9781590171356,Crisis Of The Negro Intellectual,24.95
9781626980051,Cross And The Lynching Tree,24.00
9780977173525,Cross Connections,12.95
9780307275967,Cross Of Redemption,16.95
9780544107717,Crossover,16.99
9781572842243,Crown,18.95
9781620554111,Crystal And Stone Massage,16.95
9781599636993,Crystal Bible 3,21.99
9781921878701,Crystals,15.95
9780738713946,Crystals,33.95
9781574780222,Cultural Genocide,14.95
9780981581897,Curcumin,8.95
9781585364749,D Is For Drinking Gourd,8.95
7784699593731,"Dad, Who Will I Be",9.99
9780996593731,"Dad, Who Will Ibe",9.99
9780807097762,Daddy King,16.00
9780996593700,Daddy's Little Princess,9.99
9780932863058,Dalit The Black Untouchables Of India,11.95
9780976672852,Dance It's In Your DNA,15.00
9780142501412,Dancing In The Wings,7.99
9780525510512,Dapper Dan,28.00
9781609806217,Dark Alliance,22.95
9780062331687,Dark Girls,35.00
9781594774720,Dark Light Consciousness,19.95
9781884897023,Dark Matters Dark Secrets,15.00
9780871406750,Dark Places Of The Earth,28.95
9780578451879,Dark Trails,14.95
9781616958725,Darkest Child,14.99
9780689851346,Darkness Before Dawn,7.99
9780981617077,Darkwater,12.95
9780933121386,David Walker's Appeal,8.95
9781732920231,Day My Vagina Tried To Kill Me,11.95
9781680198287,Day Sonny Died,18.99
9780671797973,Dead Sea Scrolls Deception,14.00
9781893078000,Dear Donald,10.00
9781582705088,Dear Father,24.00
9781101939499,Dear Martin,17.99
9781434366948,Death In 60 Days,25.95
9780807117675,Death In A Promised Land,20.00
9780812970470,Death Of Innocence,16.00
9781574780574,Death Of The Willie Lynch Speech,5.95
9780452282100,Debt What America Owes To Blacks,16.00
9781616086756,Deceptions And Myths Of The Bible,16.95
4885913643737,Decolonising The African Mind,34.95
9781934390047,Deep Denial: The Persistence Of White Supremacy...,23.95
9781451502695,Deeper Insight Into The Illuminati Formula,29.00
9780062448699,Defining Moments In Black History,24.99
9780062448712,Defining Moments In Blk History Reading Between The Lies - (Copy 2),15.99
9781894946391,Defying The Tomb,20.00
9780814794623,Delectable Negro,45.00
9781621366256,Deliver And Spiritual Warfare Manual,16.99
9781101980965,Democracy In Chains,28.00
9780883780305,Destruction Of Black Civilization,19.95
9785511138510,Destruction Of The European Jews,24.00
3710213543016,Developing Positive Self Images & Discipline In Black Children,12.95
9780913543016,Developing Positive SelfImages,12.95
9781879164130,Developmental Psychology Of The Black 21,20.00
9780883783511,Diary Of Malcolm X,31.95
9780345447258,Dictionary,6.99
9780692473429,Die Not Another,10.00
9780966170207,Dirty Little Secrets,18.00
8788266170201,Dirty Little Secrets,16.00
8784866170207,Dirty Little Secrets,18.00
9781937306212,Discourse Of Africana Studies,21.95
9781441525581,Discover The Key To The Moorish Questionary,17.99
9780814794463,Divided Mind Of The Black Church,0.00
9780997943603,Divine Kingship Of Asante,29.95
9780758202703,Divine Nine,17.00
9781872596310,Djehuty/Hermes Foundational Philosopher,23.95
9781591431855,DNA Of The Gods,18.00
9780531070406,Do Like Kyla,6.99
9780870679384,Donald Goines,7.99
9780870679872,Donald Goines Cry Revenge,7.99
9780870679476,Donald Goines Swamp Man,7.99
9781555977856,Don't Call Us Dead,16.00
9781495172007,Don't Let Engineering Ruin Your Life,20.00
9781880463994,Dont Quit,9.95
9780316562577,Don't Touch My Hair,7.99
9780689842313,Double Dutch,5.99
9780974912004,Down Home Blues,14.95
9780553802986,Dr. Ro's Ten Secrets To Livin' Healthy,22.95
9780345346292,Dragons Of Eden,7.99
9781594772696,Drawing Down The Spirits,18.95
9780316475099,"Dream Big, Little One",8.99
9781400082773,Dreams From My Father,16.00
9780064440424,Drinking Gourd,3.99
9781937584924,Drugs As Weapons Against Us,24.95
9780967539409,Drugs Masquerading As Foods,27.00
9780985665784,Dumbin' Down,15.95
9780679506263,Duncan's Ritual,15.00
9781569023440,Duse Mohamed Ali,21.95
9781541644984,Dying Of Whiteness,32.00
9781880463123,Eagles Who Thought They Were Chickens,4.95
9781880463192,Eagles Who Thought They Were Chickens Study Book,5.95
9780933121591,Early Negro Writing,24.95
9781591430766,Earth Chronicles Expeditions,16.00
9781555238544,Easy To Learn,7.99
9781999884307,Eat To Live Not To Die,20.00
9781620974223,Eating Tomorrow,26.99
9781608194025,Ebony & Ivy,20.00
9781555234577,Ebony Duckling,7.95
9780345478047,Echoes Of A Distant Summer,15.95
9781420846737,Echoes Of Ancient African Values,24.95
9781934155707,Educating Black Girls,16.95
9781934115701,Educating Black Girls,16.95
9781583670439,Education Of Black Person,19.00
9781886433380,Education Of The Negro,14.95
9781617590368,Education Of The Negro,14.95
9781574781342,Education Of The Negro Prior To 1861,34.95
9780618250806,Egg- Drop Blues,11.00
9780448420295,Egy,0.00
9780924944130,Egypt On The Potomac,20.00
9781631826757,Egyptian Book Book Of The Dead Gerald Massey,10.95
9781884564918,Egyptian Book Of The Dead,35.00
9781881316756,Egyptian Book Of The Dead,9.95
9781617590412,Egyptian Book Of The Dead,16.95
9780486218663,Egyptian Book Of The Dead (New Cover),16.95
9781162817644,Egyptian Book Of The Dead Addendum,13.00
9781522895947,Egyptian Mythology,10.00
9781591433019,Egyptian Origins Of King David & The Temple Of Solomon,18.00
9781884564000,Egyptian Proverbs,16.95
9781884564017,Egyptian Yoga,19.99
9781884564390,Egyptian Yoga Volume 2,23.95
3046842253829,Elementary Genocide 2 DVD,15.00
9780439023450,Elijah Of Buxton,7.99
9781440469398,Elisha Israel,20.00
9780142419885,Ellray Jakes,5.99
9781491274293,Emancipated From Mental Slavery,8.00
9781635920604,Emancipation Day And Juneteenth,26.00
9781419703904,Emancipation Proclamation,24.95
9781598582420,Emerald Tablets Of Thoth-the-Atlantean,35.00
9780449817445,Emmanuel's Dream,17.99
9781495620157,Empowering Women Through The Storm,10.00
9780932415110,Empress Taytu And Menilek,34.95
9780061239212,End Of Days,7.99
9780345434975,Energy Of Money,17.00
9781617590344,Enoch The Ethiopian,18.95
9781481900959,Enter The Mind Of Mr. TR Aneas,15.00
9789562915731,Essence Of Success,19.99
9780892817382,Essence Of Yoga,12.95
9781465450692,Essential World Atlas,16.00
9781930097056,Ethiopia And The Missing Link In African History,14.95
9781555237394,Ethiopian Tewahedo Church,16.95
9780978553104,Eureason,19.95
9780684859996,Every Day I Pray,13.00
9781452142906,Every Little Thing,7.99
9780743470544,Evolution Of A Revolutionary,15.00
9780978539672,Evolution Of Conscious,19.99
9781563854989,Excellence Without Excuse,16.99
9780328148554,Exploring With James Cook,3.00
9781684380510,Face Mug,15.00
9780465068142,Faces At The Bottom Of The Well,17.99
9781250139962,Failing Up,19.99
9781615961740,Faith & Fashion 2,14.00
9780684801131,Faith In The Valley,16.00
9781595869067,Faith Makes All Things Possible Planner 2018-2019,5.00
9781793168320,Faith On Trial,16.00
9781884855719,Fall Of America,15.95
9781879164024,Falsification Of Afrikan Consciousness,15.00
9780763665319,Fannie Lou Hamer,17.99
9781603587617,Farming While Black,34.95
9781530516049,Father's Guide To Embracing & Enjoying,15.00
9780979146909,FBI War On Tupac Shakur And Black Leaders,20.00
9780692809914,Fear Of Becoming A Man,15.00
9780618382262,Feast For 10,6.99
9780544930308,Feast For 10 Oversize Book,15.00
9780735216686,Fences,14.00
9781878424617,Fifth Agreement,14.00
9780933121461,Fifty Days On Board A Slave Vessel,5.95
9780345803504,Fifty Shades Freed,15.95
9780924944161,Finding Karakhamun,12.00
9780525558132,Finding My Voice,30.00
9781580911498,Finding Soul On The Path Of Orisa,12.99
9780761318682,Fine Arts,10.00
9781250158062,Fire And Fury,30.00
5787458091280,First Americans Were Africans,25.00
4781457091280,First Americans Were Africans,24.99
9781452091280,First Americans Were Africans Revisited,39.99
9780996541145,First Black Republic,20.00
9780940975125,First Book About Africa,13.95
5780906975125,First Book About Africa,13.95
9781617590351,First Council Of Nice,10.95
9780883783597,First Word,21.95
9780738506777,Fisk University,21.99
9780590480321,Five Brave Explorers,3.99
9780590480314,Five Brilliant Scientists,3.99
6780180480314,Five Brilliant Scientists,3.99
9780807076408,Five Dollar And Pork Chop Sandwich,25.95
9781938289453,Five Levels Of Attachment,14.95
9780960229482,Five Negro Presidents,5.00
9781401308582,Five People You Meet In Heaven,16.00
9781851686155,Five Percenters,21.99
9780394723693,Flash Of The Spirit,16.95
9780975290606,Fleshing Out Skull & Bones,24.95
9781631776502,Flo,15.00
9781684381852,Flower Poer Journal,15.00
9781147136128,Folk-Lore In The Old Testsment,24.00
9781880463536,Follow Your Dreams,4.95
9781250137715,For Colored Girls Who Have Considered Politics,28.99
9781481486255,For Every One,7.99
9780807006405,For White Folks Who Teach In The Hood And The Rest Of Yall Too,25.95
9780328138418,Forces,3.00
9780689818516,Forged By Fire,7.99
9781401943615,Forgiveness,17.95
9781890766009,Forgotten Nutrient MSM: On Our Way Back To Health With Sulfur,8.00
9780307353146,Forty Million Dollar Slave,16.00
9780907015628,Foundations Of African Thought,13.95
9781878424310,Four Agreements,12.95
9780195067873,Four Girls,10.95
9780813129655,Fraternities And Sororities,32.00
9780979667909,Fred & Mary,24.95
9781982141103,Free Cyntoia,26.00
9780991197903,Free Ride To College,10.00
9781937306311,Freedom By A Thread,26.95
9781608465644,Freedom Is A Constant Struggle,15.95
9780399230066,Freedom School Yes,16.99
9780545477253,Freedom Summer Murders,18.99
3128864888880,"Freemason, Greek Philosophy",22.95
9781930097490,Freemasonry At A Glance,8.00
9781438909059,Freemasonry Greek Philosophy,22.95
9780062884572,Fresh Princess,18.99
9780671505615,Friends Lovers & Soul Mates,16.95
9780962088117,From Babylon To Timbuktu,13.95
9780394715025,From Columbus To Csstro,19.00
9781631821028,From Man To Superman,10.00
9781502960207,From Murder Capital To Police State,15.00
8782364110640,From Niggas To Gods,17.95
9781930097995,From Superman To Man,10.95
9781530586950,From Superman To Man,8.00
9780960229444,From Superman To Man,19.95
9780924944000,From The Browder File,20.00
9780147516015,Full Cicada Moon,8.99
9780763638832,"Full, Full, Full, Of Love",3.99
9781936163021,Fun In The Mud,3.95
9780971494909,Fundamentals Of The Yoruba Religion Orisa Worship,24.95
9781595869845,Gabby Mat,22.00
9781338136982,Gabriela,9.99
9781930097421,Game Of Life,7.95
9780679738909,Gathering Of Old Men,15.00
9780380761593,Genesis Revisited,7.99
9781419718397,George Washington Carver,9.95
9781477599181,Germanys Black Holocaust,24.95
9780692833100,Get In Your Place,12.00
9781732432307,Get Off Your Assets,14.97
9781401944018,Get Over It,24.00
9781481450157,Ghost,6.99
9781620553725,Gift Of Shaminism,16.95
9780345806567,Giovanni's Room,14.00
9780316735780,Girl Of Mine,6.99
9781617590092,Global African Presence,15.95
9781931445214,Glorious Qur'an,16.00
9780545055758,Glory Field,9.99
9780345806543,Go Tell It On The Mountain,7.99
9781602810020,"God , The Bible And Black Man's Destiny",18.95
9780981723532,God Genes Decoded,29.95
9780307594174,God Help The Child,24.95
9780800628239,God In Creation,35.00
9781493684861,God Where Is My Boaz,15.00
9066961636413,"God, The Bible And The Black Mans Destiny",18.95
9781365750281,"God, The Bible, The Planet And Your Body",15.00
9781530991846,God-Awakening Diet,15.00
9781564111296,Goddess Blackwoman,12.95
9781466296312,Gods Earths And 85ers,10.00
9780143105411,Gods Trombones,15.00
9780140564402,Goggles!,6.99
9780689818851,Goin' Someplace Specisl,16.00
9780679761792,Going To Meet The Man,15.00
8781685879731,Gold Mouth,15.00
9781512267716,Golden Bough,27.00
9781558760912,Golden Trade Of The Moors,24.95
9780694016754,Goodnight Moon,12.99
9780694003617,Goodnight Moon,8.99
9780061142703,Goodnight Moon,9.99
5878556763688,Gorilla Lawfair,15.95
9781939774088,Gospel According To Cancer,14.95
9781594770463,Gospel Of Thomas,14.95
9781881316152,Gospelbof Barnabas,14.95
9781492757481,Graceful Gabby,10.00
5800134228616,Grandma's Teaspoon Of Wisdom,20.00
9780692548882,"Grannie, Granpa, And Me",10.00
9780486486789,Great African Americans,4.99
9780486288789,Great African Americans,4.99
9780595227297,Great Black Men Of Masonry,23.95
9781468524369,Great Discoveries And Inventions,12.99
9781539478829,Great Hijack,25.00
9780910030083,Great Negros Past And Present,19.95
9781591437895,Great Pyramid Hoax,16.00
9781684116560,Green Book HB,16.00
6036000013300,Green Life Moringa,20.00
9780345444967,Growing Up X,14.95
9781617590696,Gullah,11.95
9780989690652,Gullsh African American History,14.95
9781623367787,Gut Balance Revolution,16.99
9781250046574,Hair Story,17.99
9781617590009,Hairlocking Everthing You Need To Know,9.95
9780738730691,Haitian Vodou,16.99
9780763653613,Handa's Hen,6.99
9780064409308,Handbook,8.99
9780962936944,Handbook For Teachers Of African American Children,15.00
9780199545704,Handbook Of Reparations,125.00
9781930097889,Hannibal The African Warrior,12.95
9780399548123,Happy,6.99
9780439782241,Happy Birthday Martin Luther King,6.99
9781484788417,Happy To Be Nappy,7.99
9780711243118,Harriet (My First),8.99
9780689809651,Harriet And The Promised Land,8.99
9781939994721,Harriet Tubman For Beginners,15.95
9780316155946,Harriet Tubman Road To Freedom,16.00
9781555236120,Harriet Tubman's Famous Christmas Eve Raid,10.95
9780883782248,Harvesting New Generations,19.95
9780062498533,Hate U Give,18.99
9780674976351,Hattiesburg An American City In Black And White,31.00
9780997315202,Have You Thanked An Inventor Today,14.95
9780345394033,Having Your Baby,23.00
9781501167997,Heads Of The Colored People,23.00
9781539564041,Heal Thy Soul,15.00
9781617590399,Heal Thyself,18.95
9781617590153,Heal Thyself,13.95
9780738750477,Healing Art Of Essential Oils,21.99
9781454928997,Healing Herbs,14.95
9781594771132,Healing Light Of The Tao,26.95
9781594770685,Healing Love Through The  Tao,16.95
9781454917762,Healing Oils,14.95
9781454918868,Healing Tonics,16.95
9781449787493,Health Care Reform,16.95
9780989690638,Health Dictionaries,24.99
9781617590078,Healthy Foods And Spiritual Nutrition,10.95
9780061730795,Heart And Soul,8.99
9780375500725,Heart Of A Woman,24.00
9781501125652,Heavy,26.00
9780997157925,Hebrews 2 To Negroes,35.00
9780986237959,Hebrews To Negroes,35.00
4784989237959,Hebrews To Negroes,35.00
9780997157918,Hebrews To Negroes 2,35.00
9780986237980,Hebrews To Negroes Vol 1,35.00
9781936163106,Helping Hands,3.00
9780439777339,Henry's Freedom Box,17.99
9781981244843,Her 13th Husband,16.99
9780590473705,Her Stories,25.99
9780486781440,Herb Book (John Lust),19.95
9780892810024,Her-Bak,22.95
5780827810024,Her-Bak Egyptian Initiate,22.95
9781585426928,Hermetica,10.00
9781935721277,Heroic Slave,14.95
9780913543085,Herstory,10.95
9780803728509,He's Got The Whole World In His Hands,17.99
9780316360302,Hey Black Child,18.99
9780316360296,Hey Black Child BB,7.99
9781555238575,Hey Jackie Robinson,5.00
9781419712203,Hiawatha And The Peacemaker,19.95
9781458377012,Hidden And Untold History Of Jewish People...,12.00
9780062363602,Hidden Figures,15.99
9780062677280,Hidden Figures (Chalkboard Cover),15.99
9780062742469,Hidden Figures HB Animated,17.99
9780062363596,Hidden Figures HC,27.99
9780062662378,Hidden Figures Young Readers Edition,7.99
9781468574302,Hidden Treasure That Lies In Plain Sight,14.95
9781880463666,High School Plan For Students With College-Bound Dreams,19.95
9780974900056,Hip Hop Curriculum,12.95
8886974900056,Hip Hop Street,12.95
3810974900056,Hip Hop Street Curriculum,12.95
9780974900056,Hip Hop Street Currinculum,12.95
9781931412759,Hiram Key,19.95
9780963154729,Historical Christianity African Centered,12.95
9781881316039,Historical Jesus And The Mythical Christ,9.95
1413288875281,Historical Jesus And The Mythical Christ,12.95
9781881040088,Historical Origin Of Christianity,19.95
9781881040514,Historical Origin Of Islam,19.95
9781602810204,History Edom And Khazaria The Other Israel,19.95
9780948390890,History Of  The Yorubas,59.99
9780817312077,History Of Fisk University,35.00
9781434396631,History Of The Association Of Black Psychologists,34.95
9781973939733,History Of The Black Dollar,15.00
9781631826320,History Of The Yoruba People,21.95
9780393339741,History Of White People,18.95
9780590480253,Hold Christmas In Your Heart,5.99
9781620313534,Holidays Juneteenth,26.00
9780989690607,Holistic Self Diagnosis,60.00
9780762491414,Hollywood Black,35.00
9781934389034,Holocaust,16.99
9781565631601,Holy Bible 1611 Edition,30.00
9780963812735,Holy Bible Designed Especially For Children Of Color,19.99
9780948390272,Holy Herb,21.99
9780486432229,Holy Kabbalah,26.95
9780976594413,Holy Koran Moorish America,15.00
9781617590948,Holy Koran Of The Moorish Science Temple Of America,7.95
9781469134932,Holy Nation,15.95
9781508633044,Holy Odu Collection Of Verses...,69.95
9780948390647,Holy Of Holies,7.99
9780948390630,Holy Piby,11.95
9780913321058,Holy Qur'an Paperback,16.00
9780307594167,Home,24.00
4481487781082,Home Is A Dirty,9.95
9780883780480,Home Is A Dirty Street...,12.00
9781101971062,Homegoing,16.00
9781484799352,Homemade,0.00
9780967894348,Homosexuality And The Effeminization Of Afrikan Males,29.95
9780064430975,"Honey, I Love",6.99
9780984298914,Honorable Elijah Muhammad,20.00
9781535595759,Honoring Professor William Leo Hansberry,10.00
9781935721321,Hood Health Vol 1,19.95
9781935721338,Hood Health Volume 2,19.95
9781631102134,Hoodie,10.00
9780691147963,Hottentot Venus,30.00
9780140286625,House Of Rothschild,27.00
9780140240849,House Of Rothschild,26.00
9781574780482,How Europe Underdeveloped Africa,24.95
1417037888737,How Not To Eat Pork,15.00
9780062698544,How Not To Get Shot,25.99
9780975500347,How Rich People  Think,16.99
9781602810198,How The Bible & Dollar Bill Are A Great 555-666-777,10.00
9781440490224,How The Illuminati Create An Undetectable,29.95
9780525509288,How To Be An Antiracist,27.00
8785379755929,How To Be Successful 17 Laws,15.00
9781479755929,How To Be Successful The 17 Laws,15.00
9780692244364,How To Become A Successful Young Man,15.00
9780692476697,How To Become A Successful Young Man Workbook,20.00
9781945318016,How To Become A Successful Young Woman,15.00
9781945318023,How To Become A Successful Young Woman Workbook,20.00
9780451476371,How To Build A Museum,17.99
9781463507503,How To Eat To Live Holistic Companion,18.95
9781884855733,How To Eat To Live Vol 1 (AFR W),13.95
9781929594023,How To Eat To Live Vol 1 (LUS),13.95
9781929594030,How To Eat To Live Vol 2 (LUS),14.95
9780912475011,How To Feel Good About Yourself,9.95
9780981617008,How To Hustle And Win,19.95
9780981617091,How To Hustle And Win 2,19.95
9780982669488,How To Lead,14.99
9780984535996,How To Live A Successful With God,4.99
9780446672597,How To Love A Black Man,18.00
8784346672597,How To Love A Black Man,16.00
9780446675109,How To Love A Black Woman,15.99
9781411689268,How To Make A Negro Christian,20.95
9780976720805,How To Outsmart The Credit Bureaus,19.95
9780962982712,How To Plan A Kwanzaa,7.95
3710862922712,How To Plan A Kwanzaa,7.95
1790969982712,How To Plan A Kwanzaa,7.95
9780996515627,How To Police The The Black Community,17.00
9780971446229,How White Folks Got So Rich,10.00
9781560258971,Huey,24.95
9781583224670,Huey P. Newton,17.95
9780439568494,Hurry Up,3.99
9780943412061,Husia,15.95
9781882692026,Hypsoconsciousness,10.95
1413483338277,Hypsoconsciousness,10.95
9781101902578,I Almost Forgot About You,27.00
9780062667120,I Am Enough,18.99
9780545673501,I Am Lebron James,5.99
9780525428527,I Am Martin Luther King Jr.,14.99
9780525434696,I Am Not Your Negro,15.00
9781465369512,I Am Special,7.99
9780931055805,I Asked For Intimacy,17.00
9780811875608,I Can Do It Too,9.99
9780965630672,I Can Read,10.00
9780439568524,I Can't Take A Bath,3.99
9781590302606,I Ching,26.95
9780486210629,I Ching Book Of Changes,11.95
9781563127847,I Have A Dream,7.99
9780375858871,I Have a Dream,18.99
9780062505521,I Have A Dream...,16.99
9780345514400,I Know Why The Caged Bird Sings,7.99
9780997987010,I Love My Future HBCU,10.00
9780316525589,I Love My Hair BB,7.99
9780316523752,I Love My Hair Paperback,8.99
9780316276061,I Love My Haircut,6.99
9781951101008,I Will Live My Best  Life Too,16.99
9781951101022,I Will Live My Best Life Too,16.99
9781537165776,I Will Not Apologize,22.00
9780802796882,"I, Matthew Henson",17.99
9780943412306,IBS Black Studies,45.00
9781451617139,Iceberg Slim Pimp,15.99
9780525566120,If Beale Street Could Talk,14.95
9780307275936,If Beale Street Could Talk,14.95
9780807535448,If I Ran For President,6.99
9780310765967,If In Life,18.99
9781784787691,If They Come In The Morning,17.95
9780439567060,If You Lived Wen There Was Slavery In America,6.99
9780590451567,If You Traveled On The Underground Railroad,6.99
9781592214426,Igbo,39.95
9781451647860,I'll Take You There,17.00
9781631820724,Illuminati 666,14.95
9781930097711,Illustrated History Freemasonry,29.95
9781603490146,I'm A Big Brother,8.95
9781603490221,Im A Big Sister Now,8.95
9781945342066,Im Brown And Smart,12.99
9781945342059,Im Brown Im Pretty,12.99
9781933491493,I'm Going To Be,8.95
9781524760854,I'm Still Here Black Dignity In A World...,25.00
9781467111560,Images Of America Cincinnati's Underground Railroac,21.99
9781938875007,Imhotep The African Architect Of The Cosmos,28.95
9781631827310,Imhotep: The Egyptian God Of Medicine,10.95
9780982791103,Immortal Birth,25.00
3710282791103,Immortal Birth,25.00
9781400052189,Immortal Life Of Henrietta Lacks,16.00
9781890157203,Imoye,14.95
9780595324262,Imperial Brain Trust,23.95
9781617590955,In Defense Of Stolen Legacy,19.95
9780964149601,In Search Of Goodpussy,14.95
9780688135096,In Search Of Sisterhood,15.99
9780684848068,In The Meantime,15.99
9780684841366,In The Meantime,23.00
9780982161821,In The Name Of Allah,24.95
9780982161814,In The Name Of Allah Vol.,24.95
9780875421285,Incense Oils & Brews,16.95
9780976097105,Initiatic Tales,11.99
9781884564024,Initiation Into Egyptian Yoga,21.95
9781684383405,Inspirational Planner Each Day Brings The Possibility Miracles,18.00
9781684383399,Inspirational Planner I Am Royal,18.00
9781878557049,Integration Trap: Generation Gap,22.95
9780883781807,Intellectual Warfare,19.95
9781604444414,Into The Darkness: An Uncensored Report....,18.00
9781580730419,Introduction To African Civilization By Huggins & Jackson,24.95
9781844677702,Invention Of The White Race,29.95
9780679732761,Invisible Man,16.00
9780939539109,Irritated Genie,19.95
9781602819597,Isis Papers,19.95
9780374527976,Islams Black Slaves,21.00
9781580730532,Island Of Memes,22.95
9780735229860,Islandborn,17.99
9781631103612,Israelites So-Called Negroes,12.99
9781879164147,Issues Of Manhood In Black And White,16.00
9781572580855,Issues Of Water,11.95
9780060934873,Its All Good Hair,12.99
9780963812759,J&M Birth Of Jesus,6.99
9780963812728,J&M Jesus Walks On The Water,6.99
9780963812773,J&M Jonah And The Big Fish,6.99
9781500408763,Jackie Robinson,10.00
9780811865821,Jacob Lawrence In The City,7.99
9780395779392,Jamaica And Brianna,6.95
9780618152421,Jamaica And The Substitute Teacher,6.95
9780395549490,Jamaica Tag-Along,6.95
9780618369171,Jamaicas Blue Marker,6.95
9780395453575,Jamaica's Find,7.99
9781555232962,Jamako And The Beanstalk,7.95
9780940975248,Jamals Busy Day,8.95
9780062508591,Jambalaya,16.99
9780140546521,Jambo Swahili Alphabet Book,7.99
9780718035167,James,9.99
9780385334563,James Baldwin,16.00
9781250230966,Jay-Z Made In America,25.99
9781400076215,Jazz,15.95
9780692753712,Jester Mean Comes Clean,19.99
9780807010297,Jesus And The Disinherited,16.00
9781591451884,Jesus Calling,15.99
9781906169503,Jesus Found In Egipt,29.99
9780912469300,Jewish Onslaught,9.95
9780963687722,Jews Selling Blacks,10.00
9780717803750,John Brown,10.00
9780817014841,Jordan's Hair,8.00
9781452103143,Josephine799,17.99
9780531068465,Joshua By The Sea,5.99
9780718034719,"Joshua, Judges & Ruth",9.99
9781615961320,Journal,10.99
9781595865533,Journal,18.00
9780545156660,Journey Of Little Charlie,16.99
9781880205297,Journey Of The Songhai People,29.95
9780544812123,Jubilee Margaret Walker,15.99
9780977911271,Judas Factor,25.99
9780062666031,Jump,24.00
9781618916778,Juneteenth,8.00
9781623701703,Juneteenth  For Mazie,15.95
9781600602481,Juneteenth Jamboree,8.95
9781798241288,"Juneteenth June 19, 1865",8.95
9780312561260,Junrbug,7.99
9780931055522,Just A Sister Away,12.95
9781481490306,Just Another Hero,9.99
9780812984965,Just Mercy,17.00
9780593177044,Just Mercy,10.99
9780525580034,Just Mercy For Young Adults,18.99
9780812994520,Just Mercy HB,28.00
9780064430562,Just Us Women,6.99
9780943412290,Kawaida,24.95
9780948390425,Kebra Nagadt,18.95
9781569020326,Kebra Nagast,21.95
9780974900025,Keeping Black Boys Out Of Special Education,15.95
9780615877334,Kemet 101,16.95
9780943412078,Kemet And The African Worldview,20.00
9781884564499,Kemetic Diet,28.95
9781490344768,Kemetic Reiki,19.00
9781884564970,Kemetic Tree Of Life,25.00
9780870678837,Kenyatta's Escape,7.99
9780758290298,Kenyatta's Last Hit,15.00
9781540628206,Keys To My Heart 2,15.00
9781976243417,Keys To My Heart 3,13.00
9781976245039,Keys To My Hearts 4,13.00
9781886433199,Keys To Your Dream,14.95
9781943820016,Kicked Out Of Heaven,54.00
9780692023389,Kiesha's Kwanzaa,6.00
9780812983739,Kill 'Em And Leave,17.00
9780913543542,Kill Them Before They Grow,10.95
6780813543546,Kill Them Before They Grow,0.00
5780924543542,Kill Them Before They Grow,10.95
9781580730259,Kindezi,10.95
9780807083697,Kindred,16.00
9780618001903,King Leopold's Ghost,15.00
9780448443607,King Tut,5.99
9780966020113,Kingdom Of Waalo,29.95
9789870998945,KMT Indegenous Afr. Population,99.95
9780766100190,Knights Templars And The Complete History...,48.00
9780316209175,Knock Knock,18.99
9780935257069,Know Thyself,13.00
9780981617022,Knowledge Of Self,19.95
9781570622809,Kundalini,18.95
9780936073156,Kwanxaa An Everyday Resource And Instructional Guide,14.95
9781432940805,Kwanzaa,6.95
9780943412283,"Kwanzaa A Celebration Of Family, Community & Culture",19.95
9780758216656,Kwanzaa Complete Guide,14.00
9781481213615,Kwanzaa: An African American Celebration,10.00
9789988120436,Kwasi,11.95
9781935721253,Kybalion,14.95
9781420926552,Kybalion,10.00
9781297501029,Kybalion,25.00
9780948390920,Kybalion,17.50
9780312937720,L.A. Banks The Hunted,7.99
9780692389102,Lady's Man,15.00
9780935028041,Land Justice,24.95
9780940975996,Langston's Legacy,7.95
9781501181825,Last Black Unicorn,26.00
9780545530507,Last Out,6.99
9781631826665,Laws And Customs Of The People,9.95
9780525428145,Laws Of Human Nature,30.00
9781250214805,Lead From The Outside,17.00
9789562915991,Lead The Field,19.99
9780140587227,Leaf And Bone,14.95
9780062024343,Learning To Walk In The Dark,16.99
9780801867767,Learning While Black,17.00
6870969214107,Leeroy The Wide Mouth Frog,15.00
9780936073507,Legend Of Nia Umoja,14.95
9780375856068,Leontyne Price,17.99
9780375702709,Lesson Before Dying,14.00
9780692192689,Lessons From A Felon,15.00
9780913543061,Lessons From History,14.95
9780913543047,Lessons From History,9.95
9781501133152,Let Love Have The Last Word,26.00
9781602810235,Let The Circle Be Unbroken,9.95
9781101997543,Let The Circle Be Unbroken,7.99
9781518782251,Let's Celebration Kwanzaa,10.00
9780938971979,Lets Get The Rhythm Of The Band,20.00
9781434915245,Let's Play The Math Game,13.00
7784706564426,Letter To Amy,7.99
9781975713287,Letter Tracing Book,10.00
9781324003311,Letters From An Astrophysics,19.95
9781592402496,Letters To A Young Broither,16.00
9781592404599,Letters To A Young Sister,17.00
9781544628585,Letters To My Daughter: Things I Wish My Mother Had Said To Me,10.00
9780743296281,Lies My Teacher Told Me,17.99
9780806508658,Life And Times Of Frederick Douglass,18.95
9780943575834,Life And Times Of Jesus The Messiah,25.00
9781592212262,Life And Times Of John Henrik Clarke,29.95
9781476737997,Life In Motion,15.99
9781537157528,Life Of A Boy With Big Dreams,15.00
9781532891977,Life Of Kobe  Bryant,9.00
9781592219575,Lifting The Veil Over Eurocentrism,24.95
9780935257021,Light From Ancient Africa,16.00
9781376071382,Light From The Ancient East,24.95
9780948390418,Lion Of Judah,18.95
9781938289606,Little Book Of Wisdom,16.95
9781416985235,Little Cloud And Lady Wind,21.99
9780316475112,Little Leaders,16.99
9780996429337,Little Professor Skye Favorite Things,19.99
9781555231934,Little Red Race Riding Hood,7.95
9161555231934,Little Red Riding Hood,5.00
9781619638440,Little Shaq,9.99
9781619637214,Little Shaq,9.99
9781881316329,Little Zenga ABC,4.95
9781505581447,Live Richer Challenge,15.99
9781938289231,Living A Life Of Awareness,16.95
9781594772948,Living In The Tao,22.95
9780819233127,Living Into God's Dream,18.00
9781935721000,Locked Up But Not Locked Down,19.95
9780374189976,Locking Up Our Own,27.00
9780547577319,Long Walk To Water,7.99
9781481438254,Long Way Down,17.99
9781481438261,Long Way Down PB,11.99
9781481438285,Look Both Ways,17.99
9781629633893,Look For Me In The Whirlwind,26.95
9780802852380,Lord's Prayer,7.99
9781620556368,Lost Art Of Resurrection,18.95
9781591430377,Lost Book Of Enki,16.00
9781617590337,Lost Books Of The Bible....Eden,15.95
9780061379253,Lost Realms,7.99
9781626542778,Lost Tribes And Promised Lands,40.00
9781416986935,Love Will See You Through,17.99
9781545098899,Loving Me Loving Me Naturally,15.00
9780439568678,Low Down Bad-Day Blues,3.99
9781481306041,Lynched: The Power Of Memory In A Culture Of Terror,25.00
9780943412252,Maat,24.95
9780615693408,Maat,33.95
9781884564208,Maat Philosophy,21.95
9780873487498,Maclcolm X: Final Speeches,19.00
9780985550608,Madeline Delilah,8.99
9781930097032,Magic Of Herbs,9.95
9781947793187,Magical Negro,15.95
9780807162361,Maid Narratives,16.95
9780689831591,Major Taylor Champion Cyclist,16.95
9780679740704,Makes Me Wanna Holler,15.95
9780996500708,Making Micro Business,20.00
9781564112118,Making Of The Whiteman,12.00
9780062234964,Making Sense Of The Bible,23.99
9780060562014,Malcolm A Fire Burning Brightly,7.99
9781442412163,Malcolm Little,17.99
2701171412163,Malcolm Little,17.99
9780873485463,Malcolm Speaks,20.00
9780873485432,Malcolm X,17.00
9780802132130,Malcolm X,16.00
9780809095049,Malcolm X A Graphic Biography,16.95
9780345350688,Malcolm X Alex Haley,7.99
9780590481090,Malcolm X By Any Means Necessary Walter Dean Myers,6.99
9781934389041,Malcolm X For Beginners,16.99
9780873485920,Malcolm X On Afro-American History,11.00
9780865432017,Malcolm X The Man And His Times,24.95
9781416592242,Male Black Handbook,16.00
9781580911757,Male Herbal,16.99
9780615966946,Malik The Difference Maker,13.99
9781511577014,Malik's Big Dream,13.00
9780374303013,Mama A!frica,18.99
9781602811249,Man Heal Thyself,20.00
9781930097179,"Man, God, And Civilization",18.95
9781483641454,"Man, Know Thyself (Rick Duncan)",25.00
9781451631579,Manchild In The Promised Land,17.00
9781760060176,Mandela,15.00
9780991073009,Manifestations Of Masculine Magnificence,42.99
9781439914861,Man-Not,34.95
9781503515291,Many Roads Travelrd,19.99
9781603093002,March Book 1,14.95
9781603094009,March Book 2,19.95
9780606365475,March Book 2 HB,33.00
9781603094023,March Book 3,19.99
9781574780475,Marcus Garvey And The Vision Of Africa,24.95
9781338136890,Marley Dias Gets It Done...,14.99
9780933121843,Maroon Within Us,16.95
9780802411570,Marriage You've Always Wanted,15.99
9781423106357,Martin's Big Words,7.99
9780316413206,Marvel Black Panther,6.99
9780689804540,Masai And I,7.99
9781891117121,Masonic And Occult Symbols Illustrated,24.95
9781387409686,Masonic Light From Ancient Africa,39.95
9780985665722,Masonic Meditations,12.00
9780578543888,Masonic Meditations: Philosophy Vol. 2,12.00
9780985665791,Masonic Meditations: The Work Vol.3,12.00
9781585092550,Masonic Z Book,22.95
9781569757086,Master Cleanse,14.95
9781604502756,Master Key System,10.00
9781617590122,Master Teacher,15.95
9780143124177,Mastery,23.00
9781878424426,Mastery Of Love,14.00
9780062329158,Maurice White,27.99
9780147515469,Max And The Tag-along Moon,8.99
9781469638607,May We Forever Stand: A History Of The  Black National Anthem,26.00
9780812997873,Maya Angelou The Complete Poetry,30.00
4788554379853,Mayo Angelou Poems,16.00
9780979895104,Mbongi,12.95
9781466965164,Meaning Of Hotep A Nubian Study Guide,14.95
9780996076043,Meant For Evil...Meant For Good,9.99
9780767915472,Medical Apartheid,17.95
9780972035224,Medisin,24.95
9781884564260,Meditation,22.95
9780738702032,Meditation,14.99
9780991136933,Meditation For African Americans,23.95
9780738784465,Meditation For Beginners,15.99
1701883464260,Meditation The Ancient Egyptian Path To Enlightenment,22.95
9780807010235,Meditations Of The Heart,20.00
9781312309913,Medu Neter,39.95
9781499625370,Medu Neter N Keredu 1,15.00
9781786031587,Meet 52 Heroes From...Young Gifted And Black,22.99
9780316413152,Meet Black Panther,4.99
9780999096604,Meet McKenzie Mason,10.00
9781602810952,Melanin,19.95
9781475088779,Melanin,14.00
9781523960408,Mentacide,16.95
9780877799306,Merriam Webster Dictionary,6.99
9781564114990,Message To The Blackman,17.95
3717371773767,Message To The Forgotten Israelites,20.00
9781631827266,Message To The People,15.00
9780912469195,Message To The People The Course Of African Philosophy,14.95
9781555234102,Mgambo And The Tigers,5.00
9780307265012,Miami Jackson Gets It Straight,5.99
9780307265135,Miami Jackson Sees It Through,5.99
9780442484705,Michael Jackson,5.99
9781477847619,Michelle Obama,9.99
9780997754339,Michelle Obama,14.95
9781615961580,Michelle Obama Beautiful Elegant Gracious,15.00
9781465055064,Michelle Obama Calendar,15.00
9781880463000,Middle School Plan For Students With College Bound Dreams,15.95
9781451612561,Midnight,7.99
9781439165362,Midnight and The  Meaning Of Love,16.00
9780440422143,Mighty Miss Malone,7.99
6587314636636,Millionaire Moses,14.95
4185236663666,Millionaire Moses,14.95
9781585427697,Mind Is The Master,21.00
9780446361880,Mind Of My Mind,19.99
9780142406021,Miracle's Boys,5.99
9781564110411,Mis Education Of The Negro,10.00
9781617590733,Miseducation Of The Negro,9.95
9781574781267,Mis-Education Of The Negro,12.95
9780975984901,Miseducation Of The Negro DVD,20.00
9780553263572,Miss Jane Pittman,6.99
9781936163090,Miss Moo Goes To The Beach,3.00
9781250047199,Mixed Me,17.99
9781484743584,Moana,10.99
9780140546620,Moja Means One,6.99
9781555237011,Moments In Time,24.00
9781542332538,"Momma, Did You Hear The News",10.00
9781423103868,Money Hungry,8.99
9780802141446,Monster,14.95
9780064407311,Monster,8.99
9781460956083,Mooish America Light Of Ali,11.95
9781456457082,Moorish,17.95
9781420836714,Moorish Circle 7,19.95
9781495454707,Moorish/Muurish Treaties,15.95
9781617590375,Moors After Spain,16.95
9781614270928,Morals & Dogma,12.00
9781631820335,Morals And Dogma,30.00
9781882692033,Morals For The 21st Cebtury,18.95
9780966170238,More Dirty Little Secrets,19.95
9781934935361,More Light Masonic Enlightenment Series,18.00
1223452751316,Moringa & Black Seed,12.00
9780999473467,Moris Family Adventure,9.99
9781504395175,Mornings With Mother Divine,11.99
4575593303181,Mornings With Mother Divine,11.99
9780981496603,Moses Mystery,21.95
9781551271941,Mother Goose,5.00
9781555231941,Mother Goose Fairytale,6.95
9781416608578,Motivating Black Males To Achieve,16.95
9780913543023,Motivating Black Youth For Success,9.95
9781939774309,Mr. President,19.95
9781438983141,Mtumbo,7.99
9780688040451,Mufaro's Beautiful Daughters,17.99
9780802132086,Muntu,16.00
5800081924067,Murakush Science University Jurisprudence,49.99
9781460217924,My Child Would Never Do That!,10.00
9780998128825,My Children's Interactive Activity & Journal,14.95
9780990739005,My Daddy Reads,10.00
9780805091892,My Daddy Rules The World,17.99
9781880463291,My Dreams Student Journal,15.95
9780307277053,My Face Is Black Is True,16.65
9780912475066,My Father Knows,17.95
5780947475066,My Father Knows,17.95
9780984648016,My First Bible,12.99
9780984648078,My First Bible Large Edition,19.99
9781574781212,My Global Journeys In Search Of The African Presence,39.95
9780883781784,My Life In Search Of Africa,15.95
9781627795982,"My Life, My Love, My Legacy",30.00
9781338160642,My Name Is Not Friday,9.99
9781416935407,My People,18.99
9780385544238,"My Sister, The Serial Killer",22.95
9781884564864,Mysteries Of The Kybalion,24.95
9781930097063,Mystery Of The Long Lost Book Of Moses,9.95
9781884564055,Mystical Journey From Jesus To Christ,24.95
9780933121768,Myth Genesis And Exodus,14.95
9780199538362,Myths From Mesopotamia,13.95
9780997749120,Naked,13.00
9780982161807,Naked Truth,15.00
9780933121355,Name Negro Its Origin And Evil Use,10.95
9780679894452,Nappy Hair,6.99
9781930097117,Narrative Of The Life And Times Fred,8.95
9780692930076,Nashville Pikes,25.00
9780486452722,Nat Turner's Slave Rebellion,10.95
9780692700273,Native Order,4.99
9780060837563,Native Son,15.99
9780819575104,Nature Knows No Color-line,17.95
9780933121584,Need For A Black Bible,16.95
4372642642853,Neem Herbal Facial Scrub,12.00
9781580730327,Negro,14.95
9780805203875,Negro Church In America,19.95
9781930097674,Negro Masonry,12.95
9781492719120,Negro Question Part 2 Black Pentecost,9.99
9781503335769,Negro Question Part 3 The Black Pentecost,11.00
9781508702863,Negro Question Part 4 The Missing Link,10.00
9781517359416,Negro Question Part 5 Joseph & The 12th Dynasty Of Egypt,12.00
9781539742210,Negro Question Part 6 13 Black Colonies,25.00
9780195393095,Negro With A Hat,35.00
9780615173320,"Negro, The Black, The Moor",35.00
9781616148393,Negroes And The Gun,19.95
9780814327142,Negroes With Guns,19.95
9781491726266,Neocolonialism In West Africa,15.00
9781555236267,Never Say Nigger,8.95
9781536805598,New Black Power,24.99
9781626566743,New Confessions,17.95
9780865432277,New Dimensions In African History,21.95
9781595586438,New Jim Crow,19.95
9781564586438,New Jim Crow,19.95
9781501260230,New Jim Crow Audiobook,19.99
9781595581037,New Jim Crow HB,27.95
9781582706672,New Master Key System,17.00
9780823435739,New Shoes,7.99
9781513613734,New Visions For Black Men,13.95
4782515613734,New Visions For Black Men,13.95
9780984648047,New Women Of Color Daily Devotional,14.99
9780961413514,New World Order,16.95
9780545828772,News Crew Oh Snap,6.99
9780385537070,Nickel Boys,24.95
1700381537070,Nickel Boys,24.95
9781564110640,Niggas To God Pt1,17.95
9780964818118,Niggas To Gods,18.95
9780671735609,Nigger,16.00
9780954552909,Niggers Negroes Black People Afrikans,15.99
9780547248912,Night Hoops,8.99
9781940625294,Night Train To Sugar Hill,14.99
9780924944031,Nile Valley Contributions To Civilization,25.00
9780924944055,Nile Valley Study Guide,10.00
9780966237412,Nimrod,19.99
9781539041115,Nneka Says Uruesekaka Thank You Very Much,10.00
9781568589480,No Ashes In The Fire,26.00
9781516888931,No Bigotry Allowed,12.00
9780446538459,No Matter What,16.00
9780965925464,No More Excuses,10.00
9780965925419,No More Excuses,15.00
9780965925426,No More Excuses Workbook,11.95
9780976594406,Noble Drew Ali,59.95
9780679744733,Nobody Knows My Name,14.00
9781849352291,Nonviolence Ain't What It Used To Be,18.00
6977904138242,Not A Happy Camper,7.99
9780883783726,Not Our President,22.95
9780143131861,Not Without Laughter,16.00
9780865432710,Notes For An African World Revolution,34.95
9780807006238,Notes Of A Native Son,15.00
9780807006115,Notes Of Native Son,27.95
9780978553128,Notes Toward Higher Ideals In Afrikan Intellectual Liberation,18.95
9780345345936,Numbers And You,7.96
7784413345936,Numbers And You,7.99
9781617590689,Nutricide,18.95
9780997658804,Nutritional Destruction Of Black People (Nutricide),24.95
9780978553142,Nyansasem,19.95
9780316512589,Obama An Intimate Potrait,55.00
9781455596621,Obama's Legacy,27.00
9780989348904,Obatala,22.95
9780545609623,Octobia May,7.99
9780486405537,Octobia May,7.99
9780943412221,Odu Ifa,24.95
9780689840456,Of African American Poetry,7.99
9780393352733,Of Poetry And Protest,21.95
9780140194968,Of Water And The Spirit,17.00
9780590410014,"Oh, Brother",4.99
9780142437162,Olaudah Equiano,14.00
9781886832008,Olodumare,19.95
9780743431729,On Her Own Ground,19.00
9780062498564,On The Come Up,18.99
9780989153713,One And Only Me,15.95
9781451625882,One Day It'll All Make Sense,16.99
9780684841342,One Day My Soul Just Opened Up,18.00
9780307275943,One Day When I Was Lost,15.00
9781452138558,One Love,7.99
9780964010499,One World Order,16.95
9780195076370,Only The Ball Was White,25.00
9780892815722,Opening Of The Way,18.95
9781602810358,Opening To Spirit,29.95
9781477847596,Oprah The Little Speaker,9.99
9781533472113,Oprah Winfrey Rags To Riches Story,10.00
9781419700590,Oprah Winfrey Show,20.00
9781930097315,Order Of The Eastern Star,14.95
9781495347092,Ori,27.95
8785395347092,Ori,27.95
99781930097506,Origin  & Evolution Of Religion,24.95
9781930097506,Origin & Evolution Of Religion,24.95
9781631826207,Origin And Antiquity Of Freemasonry,10.95
9780948390319,Origin And Evolution,34.95
9781930097704,Origin And Evolution Of Primitive Man,12.95
9780817015121,Original African Heritage Bible,59.99
9780817015114,Original African Heritage Study Bible Paperback,34.00
9780062346094,Original Black Elite,27.99
9780948390463,Original Maccabees Bible,19.95
3710248390463,Original Maccabees Bible,18.95
9781620555255,Origins Of The Sphinx,24.95
9780486227801,Osiris,22.95
9781547781621,Osiris Papers,24.95
9780759686151,"Othello's Children In The ""New World""",22.95
9781555236243,Other Little Angel,7.95
8784755236243,Other Little Angel,6.95
9781162585406,Our Ancient Brethern The Originators Of Freemasonry,25.00
9780933121621,Our Black Seminars & Black Clergy W/O A Black Theology,14.95
9781610392280,Our Black Year,14.99
9781599907833,Our Children Can Soar,8.99
9781884855177,Our Saviour Has Arrived,14.95
9781387466269,Out Of Egypt Have I Called My Son,15.00
9781416971719,Out Of My Mind,9.99
9780977917525,Overcoming Angry Vagina,20.00
9780933127661,Oyr Black Seminars,14.95
9781573229890,Pact,16.00
9780982555064,Pages From A Tennessee Journal,19.95
6263320377748,Pan Africanism And Education,21.95
9780912469119,Pan-African Connection,14.95
9781474254274,Pan-Africanism,33.95
9781937306427,Pan-Africanism And Education,21.95
9781937306441,Pan-Africanism From Within,21.95
9781939419811,Panthers In The Hole,15.00
9780935257106,Papers In African Psychology,19.99
9781538732199,Parable Of The Talents,16.99
9780679433743,Paradise,25.00
9781477566220,Paradise Health,15.00
9781420813401,Parenting Guidebook,15.00
9780671687427,Parting The Waters,25.00
9780822370048,Passionate And Pious,15.00
9781591430759,Past Life Dreamwork,16.00
9781938289415,Path To Wealth,18.95
9781419714559,Pathfinders,24.95
9781481450195,Patina,7.99
9781481450188,Patina,16.99
9781939438034,Pawns In The Game,18.95
2476853183777,Pawns In The Game,18.95
9780826412768,Pedagogy Of The Oppressed,29.95
9780399251535,Peekaboo Morning,7.99
9781416983323,Peeny Butter Fudge,18.99
9781974556496,Penny Gang,10.00
9780679843368,People Could Fly,13.00
9780394869254,People Could Fly HB,24.99
9780786812622,Perfectly Prima,4.99
9780142300008,Pet Show!,6.99
9780670061907,Peter's Chair,7.99
9780140564419,Peter's Chair Paperback,7.99
9780989690614,Pher Ankh,29.95
9781683650010,Philosophy & Opinions Of Marcus Garvey,55.00
9781683650003,Philosophy & Opinions Of Marcus Garvey 1923,22.99
9780595376162,Philosophy Of Olodumare And Shango,14.95
9780912469249,Philosphy And Opinions Of Marcus Garvey,25.00
9780692737156,Phoenix Awakens,15.00
9780892280278,Pigs In The Parlor,12.00
9780989690645,Pilla For Ills That Can Kill,20.00
9780948390791,Pimps Bible,18.95
9780545057332,Pinned,9.99
9781933491028,Pioneers,9.95
9780385376686,Place Where Hurricanes Happen,7.99
9780883783283,"Plan, The",13.95
9781514878170,Planet Rothschild Vol 2,24.95
9781514877821,Planet Rothschild Vol1,24.95
9781936163540,Play With Me,5.99
9781595984746,Playing Through The Fence,18.95
6781716949114,Please Baby Please,7.99
9781503585973,Please Don't Take My Daddy,21.00
9780547009124,Please Puppy Please,10.95
9781416949114,"Please,  Baby Please",7.99
9780689834578,"Please, Baby, Please",7.99
9781510729629,Plot To Kill King,19.99
9781970020359,Poet Anthology,24.95
9780062662804,Poet X,17.99
9780060557621,Polished Hoe,13.99
9781467530279,Politics Of Western Hypnosis,49.95
9780142404737,Portraits Of African American Heroes,12.99
9781684116546,Post Racial Negro Green Book,12.00
9780985217273,Post Traumatic Slave,19.95
9780985217204,Post Traumatic Slave Syndrome,19.95
9781615391080,Post Traumatic Slave Syndrome Study Guide,14.95
9780062103185,Postcards From Cookie,15.99
9780989690621,Power And Science Of Melanin,14.95
9781101903612,Power Of Broke,17.00
9781496076465,Power Of Concentration,7.00
9781388226152,Power Of PositiveThinking,19.99
9780942272253,Power Of The Orishas,12.95
9781419722400,Power To The People The World Of The  Black Panthers,40.00
9780966170221,PowerNomics,28.00
8182685667739,Practical Psychology,22.95
9780985665739,Practical Psychology 101,22.95
9780971494930,Practitioners Handbook For The Ifa Professional,50.00
9780399168567,Preaching To The Chickens,17.99
9781556520884,Precolonial Black Africa,16.95
9780907015970,Precolonial Central Africa,13.95
9781583334003,Prescription For Nutritional Healing,35.00
9781465055071,President Barack Obama 2017 18 Month Calendar,15.00
9780152006433,Pretty Brown Face,6.95
9780807047620,Price For Their Pound Of Flesh,27.95
9780062564047,Pride,17.99
9781681341217,Prince,29.95
9781500325749,Princess Nefertari,19.99
9780692710609,Prometheus Rising,15.23
9780984648023,Promises From God For Men Color,11.99
9780963812711,Promises From God For Women Of Color,12.99
9780394404288,Prophet,15.00
5780381404288,Prophet,15.00
9781930004566,Protocols Of The Learned Elders Of Zion,21.95
9781631821004,Protocols Of The Learned Elders Of Zion,8.00
9780316518963,Proud,27.00
9780966020120,Proverb,29.95
9870988311600,Psycho-Academic Holocaust,20.00
9780977124299,Psychological Covert War On Hip Hop,25.00
9780883780718,Psychopathic Racial Personality,6.95
9781590845233,Qatar,22.95
9781591432876,Quantum DNA Healing,16.00
9780979667930,Queen Infinity,15.00
9780979667916,Queen Infinity,24.95
9780143126232,Queen Sugar,16.00
9780948390951,Queens Of Egypt,23.95
5780911390951,Queens Of Egypt,23.95
9781478172406,Ra Shekhi,19.00
9780965960083,Race & Consciousness,19.99
9780912469232,Race First,18.95
9780679749868,Race Matters,14.95
9781580730426,"Race, Law, And Public Policy Third Edition",29.95
9781883798536,"Race, Religion & Racism",23.95
9780029236826,Racial Matters,21.50
9780976672821,Racial Resilience,14.95
9780316213882,Radiant Child,17.99
9780531068496,Rain Feet,5.99
9780679755333,Raisin In The Sun,7.95
9781934155073,Raising Black Boys,19.95
9781934155745,Raising Black Girls,16.95
9781375382892,Ralph Waldo Ellison's Juneteenth,10.95
9780985665708,Rambling Ruminations,12.95
5781513834089,Rapunzel,5.00
9781555234089,Rapunzel Fairytale,7.95
9780948390166,Rastafari A Way Of Life,30.00
9780865433762,Raymond Floyd Goes To Africa,6.95
9781476799834,Reach,15.00
9780910030199,Reading And Writing For Urban Survival,15.95
8784810030199,Reading And Writing For Urban Survival,15.95
9780684850047,Ready For Revolution,24.00
9780892541508,Real Alchemy,18.95
9780981617039,Real Life Is No Fairy Tale,16.95
9780883781296,Rebirth Of African Civilization,17.95
9780544868137,Rebound,16.99
9781640652408,Receiving Jesus: The Way Of Love,15.00
9780615939650,Recipes For Elevation,15.00
9781934155226,Reducing The Black Male Dropout Rate,15.95
9781615960538,Reflectiins Of A Queen,10.99
9780966215212,"Reflection, Regeneration And Revitalization",12.95
9780738700984,Reflexology,14.99
9780545880831,Refugee,16.99
9780892816330,Reiki Energy Medicine,12.95
9780913321232,Religion Of Islam,29.95
9780800625351,Religious Studies,35.00
9781729515068,Resilent,20.00
9780812997231,Rest In Power,26.00
9781602810266,Resurrection,27.95
9781602810440,Return Of The Ancient Ones,35.00
9781878557063,Return To The African Mother Principle Of Male & Female Equality,24.95
3711230097339,Revised Duncans Ritual,11.00
9781930097339,Revised Duncan's Ritual,11.00
9781930097476,Revised Duncan's Ritual 2,11.00
9781631825989,Revised Duncan's Ritual Of Freemasonry,14.95
9781631827914,Revised Duncan's Ritual Of Freemasonry Complete,30.00
9781930097360,Revised Knight Temolarism,19.95
9781366851055,Revolt Against Civilization,15.00
9780143105329,Revolutionary Suicide,18.00
9781612680194,Rich Dad Poor Dad,7.99
5781627680794,Rich Dad Poor Dad,7.99
9781930097445,Richest Man In Babylon,11.95
9781508524359,Richest Man In Babylon,11.95
9781400048571,Right To Be Hostile,19.00
9780804189972,Rise And Grind,17.00
9780883783061,Rise Of The Phoenix,32.95
9780802409720,Rising Above A Toxic Workplace,19.99
9781372472060,Ritual Of The Order Eastern Star,18.00
9780140195583,"Ritual Power, Healing, And Community",14.00
9780143107491,River Between,15.00
9781613422311,Roberts Rules Of Order,19.95
9780306820205,Robert's Rules Of Order,18.99
8787245342073,Rock On,9.99
9781945342073,Rock On With Your Afro Puff,9.99
8788945342073,Rock On With Your Afro Puffs,9.99
9780142401125,Roll Of Thunder...,7.99
5780347376024,Rosa,12.99
9780312376024,Rosa By Nikki Giovanni,8.99
9780465055883,Rosa Lee,17.99
9781555231514,Rose For a Zemira,7.95
8782355231514,Rose For Zemira,5.00
9780486261638,Rosetta Stone,14.95
9780545017602,Ruby And The Booker Boys Brand New School,5.99
9780545017633,Ruby And The Booker Boys Ruby Flips For Attention,5.99
9780545017626,Ruby And The Booker Boys Slumber Party,5.99
9780545017619,Ruby And The Booker Boys Trivia Queen,5.99
9780439472265,Ruby Bridges,6.99
6780135108553,Ruby Bridges,3.99
9780545108553,Ruby Bridges Goes To School,3.99
9781118043325,Rugby For Dummies,21.99
8784633781582,Ruins Of Empires,14.95
9780820341217,"Rumor, Repression And Racial Politics",24.95
9780912475097,Ryme Tyme,14.95
9781454928874,Sacred Crystals,14.95
9781594771347,Sacred Symbols Of The Dogon,18.95
8788594771347,Sacred Symbols Of The Dogon,18.95
9780345434869,Sacred Woman,20.00
9780807010211,Santeria,24.95
9780689856815,Satchell Paige,8.99
9780770435684,Savage Inequalities,15.00
9780982650813,Say It In Swahili,9.95
9780763680466,Schomburg,16.99
9780062104960,School For Good And Evil,7.99
9780062104953,School For Good And Evil,17.99
9781617590160,Science & The Myth Of Melanin,14.95
9780948390937,Science Of Breath,10.99
9781884897030,Science Of Melanin Second Edition,15.00
9781935721673,Science Of Self,19.95
9780940975972,Scientists Healers And Inventors,12.95
9781930097377,Scottish Rite Vol 1,22.95
9781930097384,Scottish Rite Vol 2,24.95
9780142406878,Scraps Of 1960 Time,4.99
9780933121959,Second Crucifixion Of Nat Turner,9.95
9781614277293,Secret Of The Golden Flower,14.95
6770993677384,Secret Relationship Between Black & Jews 3,20.00
9780963687708,Secret Relationship Between Blacks And Jews,20.00
9781882692019,Secret Science,14.95
9780983446217,Secret Science Of Black Male & Female Sex,20.00
9781617590474,Secret Societies & Subversive Movements,14.95
9781930097698,Secret Societies Illustrated,12.95
9781585422500,Secret Teachings Of All Ages,24.95
9781930097896,Secrets Of Morals & Dorals,39.95
9780826519245,Secrets Of The Hopewell Box,35.00
9780060763282,Secrets Of The Millionaire Mind,25.99
9780671675561,Secrets Of The Temple,24.99
9780142001196,Seduction,24.00
9780975286043,See What I  Can Do,5.95
9780692757567,Seek And Learn Journey Back To Africa,12.95
9780883782767,Seeking The Sakhu,27.95
9780933121300,Seize The Time,18.95
9781537184067,Sekhmet Rising,26.95
9780486437873,Selected Writings And Speeches Of Marcus Garvey,6.00
9780692657676,Seven Little White Lies,19.95
9781878424112,Seven Spiritual Laws Of Success,16.00
9780807573167,Seven Spools Of Thread,6.99
9780819575081,Sex And Race,17.95
9780819575074,Sex And Race Vol 1,17.95
9780819575098,Sex And Race Vol 3,17.95
9780892810888,Sexual ReflexologyActivating The Taoist Points Of Love,18.00
9780316421829,Shade,30.00
9780439802512,Shades Of Black,6.99
8784339802512,Shades Of Black,6.99
9781684380022,Shades Of Color Journal -Empowered,15.00
9781595867995,Shades Of Color Kids Calendqr,15.00
9780201483413,Shadow Of The Panther,18.95
9780064432962,She Come Bringing Me That Little Baby Girl,6.99
9780525516996,She Persisted Around The World,17.99
9780060090555,Shifting,14.99
9780991136926,Shifting Your Paradigm,31.95
9781578431854,Shon Gotti,20.00
9781501193255,Shook One,26.00
9781476731919,Short And Tragic Life Of Robert,17.00
9781617590016,Signs & Symbols,17.95
9781936163120,Silly Tilly,3.00
9780999568507,Simone Visits The Museunpm,17.99
9781501126062,"Sing, Unburied, Sing",26.00
9780812980318,Singin And Swingin,15.00
9781590561454,Sistah Vegan,22.00
9780300188189,Sister Citizen,18.00
1701586911863,Sister Outsider,16.99
9781565631380,Sketches Of Jewish,15.00
9781423103851,Skin I'm In,9.99
9781557090249,Slave Narritives,14.95
9780195174120,Slave Religion,19.99
6760725174120,Slave Religion,19.99
9780385722704,Slavery By Another Name,17.95
9780978786212,Slaves With Swag,14.95
9781555233006,Sleeping Beauty,6.95
7781717233006,Sleeping Beauty,5.00
9780345544957,Small Great Things,28.99
9781937077631,Smart Money Smart Kids,24.99
9770925342011,Smile Bright,9.99
4782923342011,Smile Bright,9.99
9871925342015,Smile Bright Chocolate Prince,9.99
9781555238513,Smiles Are For Mornings,7.95
9781402766817,Smudging And Blessings Book,12.95
9781940002798,Snac It Up,19.99
9780670013258,Snow Day,12.99
9780670867332,Snowy Day,7.99
9780140501827,Snowy Day,7.99
9781580056779,So You Want To Talk About Race,27.00
9781476760964,Soar,16.00
9786069830314,Soccer For Beginners,4.99
9781640963702,Soggy Socks & Shoes,11.95
9780823412624,Sojourfer Truth,7.99
9780590446914,Sojurner Truth Ain't I A Woman?,6.99
9781556522307,Soledad,18.95
9780310761839,Solo,17.99
9780965925457,Solutions To Educating Black & Latino Males,23.99
9781583940778,Something In This Book Is True,16.95
9781400033423,Song Of Solomon,16.00
9780142500750,Song Of The Trees,5.99
9780819229939,Songs My Grandma Sang,19.95
9780140565010,Soul Looks Back In Wonder,7.99
9780385333795,Soul Of Ice,16.00
9781598530544,Souls Of Black Folk,10.95
9780486280417,Souls Of Black Folk,8.95
9780525521037,Source Of Self-Regard,28.95
9780810137950,South Side Venus,18.95
9789991981697,Soutoura,15.00
9780971048775,Spanish Coloring Book,5.00
9781499228342,Speaking With Spirit,20.00
9781454926054,Spirit Healing,12.95
9780062512390,Spirit Of A Man,13.99
9780688175795,Spirit Of Intimacy,13.99
9780976672807,Spiritual Resilience,14.95
9780974708300,Spiritual Warriors Are Healers,29.95
9781081920487,Spirituality Before Religions,22.95
9781930097278,Spook Who Sat By The Door,16.95
9781631825934,Spook Who Sat By The Door (Ingram),16.95
9781936163069,Squid And Pickles,3.00
9780061379208,Stairway To Heaven,7.99
9781568585987,Stamped From The Beginning,19.99
9781568584638,Stamped From The Beginning,32.99
9781894946469,Stand Up/,13.95
9780375756672,Standing At The Scratch Line,17.00
9781501187780,Standing Our Ground,26.00
9781442494985,Stella And Starlight,7.99
4934268881773,Stellar Man,14.95
9781686590740,Stolen Legacy,9.95
9781617590740,Stolen Legacy,9.95
9780865433625,Stolen Legacy,12.95
9781683650973,Stolen Legacy (Brown Cover),10.95
9780525559535,Stony The Road,30.00
9781884564314,"Story Of Asar, Aset And Heru",12.95
9780064462006,Story Of Kwanzaa By Washington,6.99
9780871408655,Story Of Mankind,18.95
9781684125081,Story Of Rap,8.99
9780933121195,Story Of the Moors In Spain,18.95
9780758294630,Street Players,15.00
9780800697402,Strength To Love,24.00
9780826520241,Strong Inside,19.95
9780615816944,Subtle Force,25.00
9780786852659,Sugar Plum Dancing Diva,4.99
9780786852628,Sugar Plum Perfectly Prima,4.99
9780786852604,Sugar Plum Plum Fantastic,4.99
9780786852642,Sugar Plum Rescue,4.99
9780786852611,Sugar Plum Toeshoe Trouble,4.99
9780786852635,Sugar Plums Terrible Terrel,4.99
9781534425361,Sulwe,17.99
9781094680217,Summary Of Frederick Douglass,8.00
9781250205797,Sun Does Shine,34.99
9780743294485,Sundown Towns,18.99
9780615997247,Sunlight Through Bullet Holes,24.95
9781984837493,Superheroes,17.99
9781532850042,Supreme Science,25.00
9780924944109,Survival Strategies,20.00
9780692499276,Sustah Gjrl,15.00
9780781804806,Swahili Practical Dictionary,22.50
9780738518305,Sweetgrass Baskets And The Gullah Tradition,21.99
9780985665746,Symbolically Speaking,18.95
8784885665746,Symbolically Speaking,18.95
9781591432814,Tablets Of Light,20.00
9780883783610,Taking Bullets,17.95
9781938486630,Tales Of The Talented Tenth,25.95
9780999238776,Talking Planets,11.00
9780812993547,Ta-nehisi Coates - Between The World And Me,25.00
9786135499339,Taoist Yoga,55.00
9781401923051,Tapping The Power Within By Iyanla Vanzant,15.95
9781400033447,Tar Baby,15.00
9780517885444,Tar Beach,7.99
9780738719559,Tarot For Beginners,15.95
9781567188448,Tarot Of The Orishas,14.95
9781634240437,Tavistock Institute Social Engineering The Masses,24.95
9781732621107,Teach Me About Garvey,15.00
9781880463031,Teaching Parenting,5.95
9780689806988,Tears Of A Tiger,7.99
9781250135995,Tears We Cannot Stop,34.99
9780692321058,Telling Our Tale,18.95
9780062389046,Tempest,7.99
9781565631366,Temple Its Ministry,15.00
9780989249843,Temple's Tigerbelles,29.99
9781880463505,Ten Steps To Helping Your Child Succeed In School,9.95
9781880463093,Test Of Faith,5.00
9781314504057,Testaments Of The Patriarchs,12.00
9781177047999,Testaments Of The Twelve Patriarchs,19.75
9781510723320,Th Plot To Hack America,18.99
9780982094402,Thank God I'm Natural,20.00
9780912475059,Thank You & Please,17.99
9780310338338,The 21 Day Financial Fast,18.99
9780907015635,The African Background To Medical Science,30.00
9781569024904,The African Diaspora The Educational Programs Of Central America,21.95
3003632777736,The African Personality In America: An African Centered Framework,27.95
9780970190000,The Africans Who Wrote The Bible,28.00
9781592210176,The Afrocentric Paradigm,29.95
9780062315007,The Alchemist,16.99
9780966542615,The Ancient Mysteries Of Melchizedek,17.95
9781595867902,The Annie Lee 2017 Calendar,15.00
9781617590436,The Arab Invasion Of Egypt,16.95
9780307237705,The Audacity Of Hope,16.00
9781614275275,The Autobiography Of An Ex Colored Man,10.00
9781101985885,The Awkward Thoughts Of W. Kamau Bell,16.00
9782911298110,The Beautiful Ones Are Not Born,19.50
9780385527460,The Beautiful Struggle,16.00
9781930097452,The Best Of The Little Known Black History Facts,14.95
9780679724674,The Black Jacobins,17.00
9780822362012,The Black Jacobins Reader,28.95
9781574780321,The Black Man's North America,14.95
9781568585550,The Black Panthers,24.99
9780999007204,The Black Tax,24.95
9780156135399,The Book Of American Negro Poetry,25.00
9781930097049,The Book Of Enoch,14.95
9781617590894,The Book Your Church Doesn't Want You To Read,19.95
951020377736,The Breaqth,18.00
9781478320081,The Char Man Chronicles,15.00
9781569024706,The Chinese Eldorado,29.95
9781936163137,The Clean Team,3.00
9780743270106,The Coldest Winter Ever,16.00
9780935257007,The Community Of Self,10.00
9780892815258,The Complete Kama Sutra,19.95
9781684220472,The Complete Works Of Florence Shinn,12.95
9780679736639,The Confessions Of Nat Turner,16.95
7861813767688,The Creature From Jekyll Island,26.95
9781582972404,The Crystal Bible,21.99
9780807857021,The Deacons For Defense,30.00
9781574780079,The Death Of White Sociology,24.95
9781880463154,The Eagleswho Thought They Were Chickens,9.95
9781884564284,The Egyptian Book Of The Dead,28.95
9780892810086,The Egyptian Miracle,18.95
9781929594047,The Fall Of America,10.00
9780679744726,The Fire Next Time,13.95
9781241725808,The Five Percenters,25.00
9780948390852,The Forgotten Books Of Eden,18.95
9780981723525,The God Genes Decoded II,35.00
9781425948849,The Goddesses Psychology Of Female Power,26.95
9780143108085,The Good Gut,18.00
9781338290141,The Greatest Muhammad Ali,8.99
9780877287896,The Handbook Of Religious Concepts,14.95
9780892812561,The Healng Drum,16.95
9780913321010,The Holy Quran,36.95
9781879831001,The Iceman Inheritance,15.95
977215656004,The Journal Of Pan African Studies,19.95
9781884564741,The Kemetic Tree Of Life,27.95
9781524740740,The King Of Kindergarten,17.99
4270267737773,The Kybalion,16.95
9780948390432,The Law Of The Kings,30.00
8785931880380,The Laws And Customs of The Yoruba People,9.95
9780691163550,The Legacy Of The Patriarch In Judaism,0.00
9780345518484,The Little Black Book Of Success,25.00
9780964493209,The Maafa & Beyond,15.00
9780948390173,The Master Key By Lauron W. DeLaurence,24.95
9781938289699,The Mastery Of Self,15.95
9780860373926,The Meaning Of The Holy Quran,20.00
9780385734912,The Mighty Miss Malone,15.99
8565371788688,The Mind,20.00
9780692607725,The Miracle Maker,10.00
5781659590733,The Mis-Education Of The Negro,9.95
9780674660038,The Myth Of Race,25.00
9781574780093,The Natural Genesis,59.95
9785513296980,The New Jim Crow,19.95
9781432777784,The New Pan Africanism,14.95
9781580402507,The New Soul Food,14.95
9781595867971,The Obama Years,15.00
9781947458826,The Obamas,9.95
9781595867872,The Obamas 2 Year Planner,5.00
9780933121508,The Origin Of Races And Color,8.95
9781579236243,The Other Little Angel,6.95
9781434327550,The Passion And Resurrection Of The Moorish Hiram,29.95
9781602811232,The Philosophy Of Maat Kemetic-Soulism2,29.95
9780883783382,The Plan Workbook,9.95
9780199325238,The Price Of The Ticket,17.95
9788178981413,The Quran,9.95
9780933121522,The Ruins Of Empires,14.95
9781882692002,The Science Of Love,14.95
9781594771330,The Science Of The Dogon,18.95
9781582701707,The Secret,23.95
9780963687784,The Secret Relationship Between Blacks & Jews 3,0.00
9780963687739,The Secret Relationship Between Blacks And Jews Vol 2,20.00
9781930097131,The Souls Of W.E.B. DuBois,9.99
9780761457329,The Sound That Jazz Makes,10.00
9781930097278,The Spook Who Sat By The Door,16.95
9781591432333,The Suppressed History Of American Banking,16.00
9780738738307,The Tarot Of The Orishas,28.99
9781884855528,The Theology Of Time,18.95
6885724373777,The Thirteenth Tribe,18.95
9780982161883,The Truth Of God,20.00
6063744767237,The Truth The Lie and The Bible,16.95
9780525560715,The Truth We Hold,30.00
8784862088100,The Valley Of The Dry Bones,13.95
9781878424549,The Voice Of Knowledge,14.00
9781501105296,The Wait,24.00
9780983448686,The Wake Up Call: 4:44,16.99
9780380792757,The Warrior Method: A Parents Guide To Rearing Healthy Black Boys,13.99
9781416567417,The Washingtons Of Wessyngton,16.00
9780399590597,The Water Dancer,28.00
9781622038329,The Way Of The Superior Man,18.95
9780679728177,The Ways Of White Folks,15.95
9780717802210,The World And Africa,14.95
9780948390159,The Worlds Sixteen Crucified Saviors,25.00
9780060838676,Their Eyes Were Watching God,14.99
9781416549161,Them,22.99
9781884855764,Theology Of Time,24.95
9781884855757,Theology Of Time,18.95
9781937306236,Theoretical And Research Issues In African Studies,21.95
9781941040539,There Are More Beautiful Things Than Beyonce,14.95
9781934155608,There Is Nothing Wrong With Black Students,15.95
9781591431947,There Were Giants Upon The Earth,16.00
9780345447265,Thesaurus,5.99
9780812968170,They Came Before Columbus,20.00
9780316312493,They Can't Kill Us All,16.99
9780316312479,They Can't Kill Us All,27.00
9780140349542,They Had A Dream,7.99
9780814795361,They Left Great Marks On Me,28.00
9780938805076,They Stole It But You Must Return It,17.95
9780938805014,They Stole It But You Must Return It,17.95
9780307455918,Thing Around Your Neck,15.95
9780385474542,Things Fall Apart,11.95
9780449219980,Think And Grow Rich,7.99
9780316475136,Think Big Little One,8.99
9781328915801,This Is Just My Face,15.99
5800069393281,This Is Your Moorish Education Vol3,34.95
9780062666154,This Will Be My Undoing,15.99
9780316065498,This Year You Write Your Novel,15.00
9780932813183,Thoth,16.00
9780948390654,Thoth The Hermes Of Egypt,21.95
8784480015878,Three Negro Classics,7.99
9780590189231,Through My Eyes,17.99
9780974129808,To Be Afrikan,14.95
9780913543108,To Be Popular Or Smart,9.95
9780872865297,To Die For The People,16.95
9780446310789,To Kill A Mocking Bird,8.99
9780809016464,To Tell The Truth Freely,18.00
9780375803291,Together For Kwanza,3.99
9780198796633,Tomorrow's Lawyers,21.95
9780826412676,"Toms, Coons, Mulatoes...",25.00
9780785270706,Too Blessed To Be Stressed,12.99
8445860000678,Toothpaste,6.00
9780827600157,Torah,30.00
9781857333800,Torah (Blue),34.95
9780881464351,Touch Of Greatness,35.00
9780316262224,Towers Falling,16.99
9780525434467,Tragedy Of Brady Sims,15.00
9781595869197,Travel Mug,15.00
9780863162114,Traveler,6.95
9781936399017,Trick Baby,16.99
9780804141239,Triggers,27.00
9781419714658,Trombone Shortlyx,17.95
6156000043708,Tropical Naturals Dudu-osun,4.00
9781884855870,"True History Jesus' Birth, Death & What It Means To You And Me",10.00
9780807001707,Trumpet Of Conscience,15.00
9781401952174,Trust,16.99
9781401943981,Trust,24.99
4784407952174,Trust,16.99
9781518609107,Truth So Far,15.00
9781620300497,Tryna Squeeze Into My Shoes,10.00
9781936163113,Turbo Turtle,3.00
9780307949707,Twelve Tribes Of Hattie,16.95
9780974836218,Twelve Universal Laws Of Success,14.95
9780974836287,Twelve Universal Laws Of Success Super Achiever Edition,16.95
9781607963295,Twelve Years A Slave,12.00
9780062372864,Twintuition,16.99
9781605208107,Two Babylonians,39.99
9781881316367,Two Babylons,14.95
9780743238243,Two Nations,18.99
9781564111166,Two Religions,9.95
9780439568661,Two Tyrones,3.99
9780439838801,Tyrell,9.99
9780590401784,Ty's One-man Band,5.99
9780975964682,Uncle Yah Yah 21st Century Man Of Wisdom,14.95
9781936649891,Uncle Yah Yah...Part 2,28.00
9780992686352,Uncovering The African Past,44.95
9781328780966,Undefeated,17.99
9781538113363,Under Fire,24.95
9780545166720,Under The Same Sun,17.99
9780442467111,Underground Railroad,5.99
9780345804327,Underground Railroad,16.95
9780385542364,Underground Railroad HB,26.95
8575774717277,Understanding The Assault,20.00
9780998799407,Understanding The Assault On Black Man...,19.95
4154433713177,Understanding The Assault On The Black Man Black Manhood And Black Masculinity,20.00
9781982109707,Unhinged,28.00
9780961413507,Unseen Hand,15.95
9780684859972,Until Today,16.99
9781501122392,Untold Story Of Smoketown The Other Great Black Renaissance,30.00
9780545423038,Untwine,16.99
9780062517593,Up From Here,16.95
9780140390513,Up From Slavery,12.00
9781530156450,Urban Kryptonite,24.95
9781595867933,Urbanisms,15.00
9780785220091,Us Against The World,24.99
9780972349512,Vaccines Are Dangerous,14.95
9780998760070,Valedictorian,12.99
9781903289631,Valiant Women,14.95
9780962088100,Valley Of The Dry Bones,13.95
9780684824758,Value In The Valley,16.00
9780983143710,Vegan Remix,18.99
9780738212289,Vegan Soul Kitchen,18.95
9780977009220,Vegan Soulfood Guide To The Galaxyg,25.00
9781591452522,Veggie Tales Dictionary,14.99
9780446672009,Victory Of The Spirit,9.95
9780142401903,Village That Vanished,7.99
9781432737795,Vision Of A Black Man,22.95
9781617590146,Vitamins & Minerals From A & Z,13.95
9781886433007,Vitamins And Minerals,13.95
9780942272185,Voodoo & Hoodoo,16.95
9781580896276,Wangari Maathai,7.99
9780152065454,Wangaris Tree Of Peace,17.99
9780679763888,Warmth Of Other Suns,17.00
9780143129820,Warrior Rising,26.00
9781642544701,Water In Justice,12.95
9780062505576,Way Of The Orisa,15.99
9780978786250,We Ain't No Niggas,13.95
4784971786250,We Aintnoniggax,13.95
9780786808328,We Are The Ship,19.99
9780972369602,We Are The Washita,9.95
3710272369602,We Are The Washitaw,9.95
9780142406274,We Beat The Street,7.99
9781933491240,We Could Be Brothers,10.95
9780786802425,We Had A Picnic,14.95
9780933121409,We The Black Jews,29.95
9781580730402,We Want For Our Sisters,22.95
9780399590566,We Were Eight Years In Power,28.00
9780399590573,We Were Eight Years In Power Paperback,18.00
9781479886036,We Will Shoot Back,25.00
9781137279149,Wealth Choice,18.99
9780717802340,WEB Dubois,16.00
9780873481267,Web Dubois Speaks,23.08
9780399587665,Wedding Date,15.00
9781595862730,Weekly Calendar,18.00
9780525619772,Well_Read Black Gir,20.00
9780062693983,Were Going To Need More Wine,26.99
9780062693990,We're Going To Need More Wine,16.99
9780763645649,What Color Is My World,17.99
9780763664428,What Color Is My World (Paperback),6.99
9780062684301,What Doesn't Kill You Makes You Blacker,27.99
9781250054050,What I Know For Sure,24.99
9780977173518,What If There Were No Blacks,9.95
9781524786151,What Is Climate Change?,5.99
9527260133367,What Is Nuwaupu,15.00
6575744867638,What Is Nuwaupu?,15.00
9780448478999,What Is The Panama Canal?,5.99
9780385483964,What Makes The Great Great,15.99
9781604730173,What Moves At The Margin,19.95
9780989114578,What Must Be Done,26.99
9781617590702,What They Never Told You In History,19.95
9781250199416,What Truth Sounds Like,24.99
9780448462875,What Was March On Washington,5.99
9780451532640,What Was The Age Of The Dinosaurs?,5.99
9780399543890,What Was The Ice Age,5.99
8784348462875,What Was The March On Washington?,5.99
8784348467122,What Was The Underground Railroad,5.99
9780448467122,What Was Underground Railroad,5.99
9780735221710,What We Loose,22.00
9781426775239,When Christians Get Wrong,14.99
9780226771991,When Egypt Ruled The East,20.00
9780156961585,When God Was A Woman,14.95
9781979101066,When I Grow Up!,15.00
9780964011816,When Nations Gather,16.95
9780615292656,When Rocks Cry Out,26.00
9781935721048,When The World Was Black Pt. 1,19.95
9781935721055,When The World Was Black Pt. 2,19.95
9781250171085,When They Call You A Terrorist,24.99
9780061379284,When Time Began,7.99
9781580730457,When We Ruled,39.95
9781426219771,When Women Ruled,28.00
9780448484099,Where Are The Great Pyramids,5.99
9780807000670,Where Do We Go From Here,16.00
9780670880461,Whistle  For Willie,7.99
9780807047415,White Fragility,16.00
9781933368993,White Like Me,13.95
9781593764258,White Like Me,14.95
9781682040317,White Man's Bible,16.00
9781632864130,White Rage,17.00
9781632864123,White Rage,26.00
9780807589564,White Socks Only,6.99
9780670785971,White Trash,28.00
9780143129677,White Trash,17.00
9780983709312,Whites Shackled Themselves To Race And Blacks Have Yet...,10.00
9780948390579,Who Am I,15.95
5771404103837,Who Am I Without Him?,8.99
9780515158038,Who Are Venus And Serena William,5.99
9780883781364,Who Betrayed,14.95
9780451532398,Who Is Aretha Franklin,5.99
9780448453309,Who Is Barack Obama,5.99
9780451532459,Who Is Michael Jordan,5.99
9780448478630,Who Is Michelle Obama,5.99
9780448479552,Who Is Muhammad Ali,5.99
9781524787509,Who Is Oprah,5.99
9780399542619,Who Is Pele,5.99
9780448488585,Who Is Stevie Wonder,5.99
9781930097834,Who Is This King Of Glory,24.95
9780578215167,Who Iz The Boule?,20.00
9780448489193,Who Was Bob Marley,5.99
9780448488516,Who Was Booker T. Washington,5.99
9781101995600,Who Was Cesar Chavez?,5.99
9780451532619,Who Was Coretta Scott King,5.99
9780451533333,Who Was Fidel Castro?,5.99
9780448479118,Who Was Frederick Douglass,5.99
9780448483122,Who Was George Washington Carver,5.99
9780448428895,Who Was Harriet Tubman,5.99
9780593097229,Who Was Harriet Tubman Reprint,5.99
9780448455570,Who Was Jackie Robinson,5.99
9780448483078,Who Was Jesse Owens,5.99
9780448433684,Who Was Louis Armstrong,5.99
9780448447230,"Who Was Martin Luther King, Jr.",5.99
9780448488530,Who Was Mayo Angelou,5.99
8784348484105,Who Was Michael Jacksoin,5.99
9780448484105,Who Was Michael Jackson,5.99
9780448479330,Who Was Nelson Mandela,5.99
9780448479613,Who Was Roberto Clemente,5.99
9780448454429,Who Was Rosa Parks,5.99
9780448486789,Who Was Sojourner Truth,5.99
9780399541940,Who Were The Tuskegee Airmen,5.99
9780738219424,Whoa Baby,25.00
9780470067994,Who's Afraid To Be A Millionaire,24.95
9780140547245,Whos In Rabbits House,6.99
9780316454292,Whose Knees Are These,7.99
9780316454322,Whose Toes Are Those,7.99
9780465060689,Why Are All The Black,18.99
9780979295300,Why Are So Many Black Men In Person,14.00
9781502411174,Why Darkness Matters,19.95
9781635572957,Why Im No Longer Talking,17.00
9781408870556,Why I'm No Longer Talking To White People About Race,27.00
9780140549058,Why Mosquitoes Buzz,7.99
9781574780369,Why Should White Guys Have All The Fun,24.95
9780451527530,Why We Can't Wait,9.99
9780316381994,Wild Robot,16.99
9781930097223,Willie Lynch Letter And The Making Of A Slave,4.95
9781631820243,Wise Mind Of Marcus Garvey,13.95
9780892819713,Witchcraft Medicine,24.95
3710244092699,Without Sanctuary,75.00
9780944092699,Without Santuary,75.00
9781496709875,"Wives, Fiancees, And Side Chicks Of Hotlanta",15.00
9781250308986,Woke Baby,7.99
9780781810869,Wolof,14.95
9780062509253,Woman's Encyclopedia Of Myths And Secrets,34.99
9780679724872,Women Culture Politics,15.95
9780984648054,Women Of The Bible For Women Of Color,14.99
9780394713519,Women Race & Class,16.95
9780873489881,Women's Liberation And The African Freedom Struggle,8.00
9780375869020,Wonder,16.99
9780933121010,Wonderful Ethiopians Of The Ancient Cushite Empire,14.95
9781580730464,Word Hustle Critical Essays....,24.95
9780684815817,World's Great Men Of Color,16.99
9780684815824,World's Great Men Of Color Volume 2,33.99
9780553569070,Wouldnt Take Nothing,6.99
9780802141323,Wretched Of The Earth,16.00
9781101907313,"Writing My Wrongs, Life, Death, Redemption In An American Prison",14.00
9781794098046,Writing System Of Medu Neter,35.00
9781618931719,Writings On The Wall,27.95
9781482531800,Yahushua The Black Messiah,21.95
9781476777122,Year Of Yes,16.00
9781893078017,"Yes, God, I'm Listening",10.00
9780684867489,"Yesterday, I Cried",15.00
9780578609850,Yesteryear,30.00
9781930097285,Yokub And The Origins Of White Supremacy,14.95
9781631820380,Yoruba,9.95
9780781810692,Yoruba,32.00
9780781809788,Yoruba Dictionary,35.00
9781631826634,Yoruba Language Made Simple,8.95
9781631826467,Yoruba Legends And Their History,8.95
9780948390586,Yoruba Religion And Medicine In Ibadan,29.99
9780942272970,Yoruba Religion Introduction To Practice,14.95
9781602810136,You Come To Power Only When You Come To A Point,10.00
9781423100171,You Dont Even Know Me,8.99
9780692656747,You Gift Will Make Room For You,14.95
9780807031056,Young Gifted And Black,16.00
9780140342444,Young Landlords,6.99
9781945509209,Your Black Friend,20.00
9780970245885,Your Bodys Many Cries For Water,14.95
9780933121041,Your History,11.95
9781578601431,Your Negro Tour Guide,19.99
9780996800037,Your Soul's Partner,19.95
9781602810228,Yurugu,29.95
9780895941220,Zami,16.99
9780061350184,Zora Neale Hurston The Complete Stories,14.99
